date,year,month,line_name,former_name,line_id,avg_daily_boardings,avg_daily_boardings_sat,avg_daily_boardings_sun,is_treatment,period
2009-01-01,2009,1,A Line,Blue Line,a_line,74803.0,54625.0,52625.0,False,pre
2009-01-01,2009,1,B Line,Red Line,red,140943.0,87840.0,80206.0,False,pre
2009-01-01,2009,1,C Line,Green Line,green,35641.0,20736.0,17162.0,False,pre
2009-01-01,2009,1,E Line,Expo Line,expo,22543.0,15569.0,12661.0,False,pre
2009-02-01,2009,2,A Line,Blue Line,a_line,74271.0,55165.0,52897.0,False,pre
2009-02-01,2009,2,B Line,Red Line,red,141815.0,90746.0,75754.0,False,pre
2009-02-01,2009,2,C Line,Green Line,green,34766.0,21328.0,17002.0,False,pre
2009-02-01,2009,2,E Line,Expo Line,expo,22271.0,14064.0,11113.0,False,pre
2009-03-01,2009,3,A Line,Blue Line,a_line,79412.0,60438.0,55933.0,False,pre
2009-03-01,2009,3,B Line,Red Line,red,150511.0,97268.0,80497.0,False,pre
2009-03-01,2009,3,C Line,Green Line,green,39322.0,21121.0,17455.0,False,pre
2009-03-01,2009,3,E Line,Expo Line,expo,24293.0,15015.0,12374.0,False,pre
2009-04-01,2009,4,A Line,Blue Line,a_line,80520.0,64486.0,59387.0,False,pre
2009-04-01,2009,4,B Line,Red Line,red,151152.0,96636.0,89735.0,False,pre
2009-04-01,2009,4,C Line,Green Line,green,37346.0,23532.0,18001.0,False,pre
2009-04-01,2009,4,E Line,Expo Line,expo,24060.0,16527.0,12984.0,False,pre
2009-05-01,2009,5,A Line,Blue Line,a_line,80175.0,60359.0,55693.0,False,pre
2009-05-01,2009,5,B Line,Red Line,red,154355.0,98288.0,84580.0,False,pre
2009-05-01,2009,5,C Line,Green Line,green,38301.0,21910.0,18318.0,False,pre
2009-05-01,2009,5,E Line,Expo Line,expo,24550.0,15696.0,13744.0,False,pre
2009-06-01,2009,6,A Line,Blue Line,a_line,81806.0,57280.0,50819.0,False,pre
2009-06-01,2009,6,B Line,Red Line,red,156562.0,95809.0,75294.0,False,pre
2009-06-01,2009,6,C Line,Green Line,green,41126.0,22140.0,18158.0,False,pre
2009-06-01,2009,6,E Line,Expo Line,expo,24219.0,14281.0,11408.0,False,pre
2009-07-01,2009,7,A Line,Blue Line,a_line,82234.0,58606.0,55083.0,False,pre
2009-07-01,2009,7,B Line,Red Line,red,162720.0,99928.0,81324.0,False,pre
2009-07-01,2009,7,C Line,Green Line,green,39970.0,22449.0,18394.0,False,pre
2009-07-01,2009,7,E Line,Expo Line,expo,21065.0,10896.0,8622.0,False,pre
2009-08-01,2009,8,A Line,Blue Line,a_line,79230.0,59411.0,54423.0,False,pre
2009-08-01,2009,8,B Line,Red Line,red,158305.0,98210.0,81679.0,False,pre
2009-08-01,2009,8,C Line,Green Line,green,39434.0,21264.0,17931.0,False,pre
2009-08-01,2009,8,E Line,Expo Line,expo,24175.0,15701.0,11673.0,False,pre
2009-09-01,2009,9,A Line,Blue Line,a_line,78955.0,58162.0,48118.0,False,pre
2009-09-01,2009,9,B Line,Red Line,red,149597.0,94370.0,77647.0,False,pre
2009-09-01,2009,9,C Line,Green Line,green,38619.0,22299.0,17531.0,False,pre
2009-09-01,2009,9,E Line,Expo Line,expo,22476.0,16130.0,10740.0,False,pre
2009-10-01,2009,10,A Line,Blue Line,a_line,74311.0,56648.0,49766.0,False,pre
2009-10-01,2009,10,B Line,Red Line,red,141302.0,98380.0,78589.0,False,pre
2009-10-01,2009,10,C Line,Green Line,green,36453.0,20467.0,17274.0,False,pre
2009-10-01,2009,10,E Line,Expo Line,expo,21322.0,14083.0,12226.0,False,pre
2009-11-01,2009,11,A Line,Blue Line,a_line,73048.0,48879.0,44068.0,False,pre
2009-11-01,2009,11,B Line,Red Line,red,139140.0,88415.0,73514.0,False,pre
2009-11-01,2009,11,C Line,Green Line,green,36238.0,19226.0,15764.0,False,pre
2009-11-01,2009,11,E Line,Expo Line,expo,28478.0,13155.0,10507.0,False,pre
2009-12-01,2009,12,A Line,Blue Line,a_line,70765.0,47735.0,42295.0,False,pre
2009-12-01,2009,12,B Line,Red Line,red,137296.0,80492.0,69525.0,False,pre
2009-12-01,2009,12,C Line,Green Line,green,34276.0,17456.0,15042.0,False,pre
2009-12-01,2009,12,E Line,Expo Line,expo,28621.0,19330.0,20345.0,False,pre
2010-01-01,2010,1,A Line,Blue Line,a_line,70583.0,54873.0,45957.0,False,pre
2010-01-01,2010,1,B Line,Red Line,red,139409.0,94338.0,76769.0,False,pre
2010-01-01,2010,1,C Line,Green Line,green,35536.0,20636.0,17893.0,False,pre
2010-01-01,2010,1,E Line,Expo Line,expo,28227.0,22974.0,22668.0,False,pre
2010-02-01,2010,2,A Line,Blue Line,a_line,77788.0,52018.0,49006.0,False,pre
2010-02-01,2010,2,B Line,Red Line,red,147482.0,93576.0,82719.0,False,pre
2010-02-01,2010,2,C Line,Green Line,green,37456.0,19258.0,18235.0,False,pre
2010-02-01,2010,2,E Line,Expo Line,expo,30512.0,21359.0,20735.0,False,pre
2010-03-01,2010,3,A Line,Blue Line,a_line,77806.0,52018.0,49006.0,False,pre
2010-03-01,2010,3,B Line,Red Line,red,155463.0,102709.0,81961.0,False,pre
2010-03-01,2010,3,C Line,Green Line,green,39645.0,20833.0,18676.0,False,pre
2010-03-01,2010,3,E Line,Expo Line,expo,31544.0,21583.0,20447.0,False,pre
2010-04-01,2010,4,A Line,Blue Line,a_line,77966.0,52018.0,49006.0,False,pre
2010-04-01,2010,4,B Line,Red Line,red,152507.0,104869.0,82792.0,False,pre
2010-04-01,2010,4,C Line,Green Line,green,38985.0,21823.0,18036.0,False,pre
2010-04-01,2010,4,E Line,Expo Line,expo,32315.0,25453.0,19844.0,False,pre
2010-05-01,2010,5,A Line,Blue Line,a_line,76368.0,52018.0,49006.0,False,pre
2010-05-01,2010,5,B Line,Red Line,red,151523.0,106713.0,77701.0,False,pre
2010-05-01,2010,5,C Line,Green Line,green,40344.0,22530.0,17851.0,False,pre
2010-05-01,2010,5,E Line,Expo Line,expo,32434.0,27516.0,19545.0,False,pre
2010-06-01,2010,6,A Line,Blue Line,a_line,82840.0,52018.0,49006.0,False,pre
2010-06-01,2010,6,B Line,Red Line,red,162648.0,101950.0,82892.0,False,pre
2010-06-01,2010,6,C Line,Green Line,green,43904.0,21071.0,18432.0,False,pre
2010-06-01,2010,6,E Line,Expo Line,expo,37270.0,22933.0,19661.0,False,pre
2010-07-01,2010,7,A Line,Blue Line,a_line,77545.0,54280.0,48850.0,False,pre
2010-07-01,2010,7,B Line,Red Line,red,154450.0,100390.0,80310.0,False,pre
2010-07-01,2010,7,C Line,Green Line,green,39900.0,21545.0,18350.0,False,pre
2010-07-01,2010,7,E Line,Expo Line,expo,34285.0,25371.0,22970.0,False,pre
2010-08-01,2010,8,A Line,Blue Line,a_line,81126.0,52018.0,49006.0,False,pre
2010-08-01,2010,8,B Line,Red Line,red,150435.0,101190.0,82843.0,False,pre
2010-08-01,2010,8,C Line,Green Line,green,41172.0,23094.0,17910.0,False,pre
2010-08-01,2010,8,E Line,Expo Line,expo,35247.0,24269.0,21157.0,False,pre
2010-09-01,2010,9,A Line,Blue Line,a_line,82542.0,52018.0,49006.0,False,pre
2010-09-01,2010,9,B Line,Red Line,red,148214.0,100936.0,81065.0,False,pre
2010-09-01,2010,9,C Line,Green Line,green,42273.0,24171.0,18303.0,False,pre
2010-09-01,2010,9,E Line,Expo Line,expo,35649.0,24195.0,19507.0,False,pre
2010-10-01,2010,10,A Line,Blue Line,a_line,77528.0,49469.0,43710.0,False,pre
2010-10-01,2010,10,B Line,Red Line,red,143174.0,93780.0,76831.0,False,pre
2010-10-01,2010,10,C Line,Green Line,green,40385.0,24079.0,17254.0,False,pre
2010-10-01,2010,10,E Line,Expo Line,expo,34440.0,21960.0,18495.0,False,pre
2010-11-01,2010,11,A Line,Blue Line,a_line,74832.0,47148.0,41133.0,False,pre
2010-11-01,2010,11,B Line,Red Line,red,136569.0,89148.0,73290.0,False,pre
2010-11-01,2010,11,C Line,Green Line,green,38706.0,22266.0,16457.0,False,pre
2010-11-01,2010,11,E Line,Expo Line,expo,33121.0,20816.0,17512.0,False,pre
2010-12-01,2010,12,A Line,Blue Line,a_line,71038.0,45028.0,35995.0,False,pre
2010-12-01,2010,12,B Line,Red Line,red,133099.0,83318.0,66532.0,False,pre
2010-12-01,2010,12,C Line,Green Line,green,35259.0,19836.0,14718.0,False,pre
2010-12-01,2010,12,E Line,Expo Line,expo,30804.0,19675.0,16834.0,False,pre
2011-01-01,2011,1,A Line,Blue Line,a_line,79709.0,49464.0,40998.0,False,pre
2011-01-01,2011,1,B Line,Red Line,red,143634.0,91154.0,68127.0,False,pre
2011-01-01,2011,1,C Line,Green Line,green,40891.0,24105.0,17405.0,False,pre
2011-01-01,2011,1,E Line,Expo Line,expo,33947.0,22705.0,22633.0,False,pre
2011-02-01,2011,2,A Line,Blue Line,a_line,80988.0,49378.0,44790.0,False,pre
2011-02-01,2011,2,B Line,Red Line,red,143387.0,94720.0,69863.0,False,pre
2011-02-01,2011,2,C Line,Green Line,green,40729.0,22887.0,19014.0,False,pre
2011-02-01,2011,2,E Line,Expo Line,expo,33829.0,25995.0,18621.0,False,pre
2011-03-01,2011,3,A Line,Blue Line,a_line,77805.0,55221.0,39584.0,False,pre
2011-03-01,2011,3,B Line,Red Line,red,144093.0,99973.0,68133.0,False,pre
2011-03-01,2011,3,C Line,Green Line,green,38359.0,22096.0,15813.0,False,pre
2011-03-01,2011,3,E Line,Expo Line,expo,34544.0,24687.0,16330.0,False,pre
2011-04-01,2011,4,A Line,Blue Line,a_line,82086.0,57946.0,49657.0,False,pre
2011-04-01,2011,4,B Line,Red Line,red,148057.0,97013.0,79110.0,False,pre
2011-04-01,2011,4,C Line,Green Line,green,40586.0,22862.0,19361.0,False,pre
2011-04-01,2011,4,E Line,Expo Line,expo,38485.0,24475.0,19662.0,False,pre
2011-05-01,2011,5,A Line,Blue Line,a_line,80223.0,51553.0,45678.0,False,pre
2011-05-01,2011,5,B Line,Red Line,red,144244.0,98574.0,71577.0,False,pre
2011-05-01,2011,5,C Line,Green Line,green,40411.0,23832.0,18599.0,False,pre
2011-05-01,2011,5,E Line,Expo Line,expo,36623.0,25421.0,18553.0,False,pre
2011-06-01,2011,6,A Line,Blue Line,a_line,84159.0,53922.0,47027.0,False,pre
2011-06-01,2011,6,B Line,Red Line,red,155975.0,93465.0,72715.0,False,pre
2011-06-01,2011,6,C Line,Green Line,green,42380.0,23188.0,17310.0,False,pre
2011-06-01,2011,6,E Line,Expo Line,expo,39112.0,25708.0,18030.0,False,pre
2011-07-01,2011,7,A Line,Blue Line,a_line,90109.0,60213.0,54155.0,False,pre
2011-07-01,2011,7,B Line,Red Line,red,171163.0,92171.0,74186.0,False,pre
2011-07-01,2011,7,C Line,Green Line,green,45259.0,25927.0,19706.0,False,pre
2011-07-01,2011,7,E Line,Expo Line,expo,42900.0,26029.0,21452.0,False,pre
2011-08-01,2011,8,A Line,Blue Line,a_line,82189.0,57645.0,47924.0,False,pre
2011-08-01,2011,8,B Line,Red Line,red,159302.0,100728.0,80785.0,False,pre
2011-08-01,2011,8,C Line,Green Line,green,43373.0,23058.0,18901.0,False,pre
2011-08-01,2011,8,E Line,Expo Line,expo,39598.0,24460.0,20868.0,False,pre
2011-09-01,2011,9,A Line,Blue Line,a_line,83385.0,58990.0,48791.0,False,pre
2011-09-01,2011,9,B Line,Red Line,red,152706.0,96760.0,76175.0,False,pre
2011-09-01,2011,9,C Line,Green Line,green,44831.0,23040.0,18313.0,False,pre
2011-09-01,2011,9,E Line,Expo Line,expo,37938.0,24050.0,18959.0,False,pre
2011-10-01,2011,10,A Line,Blue Line,a_line,77738.0,56637.0,45345.0,False,pre
2011-10-01,2011,10,B Line,Red Line,red,145737.0,86230.0,74723.0,False,pre
2011-10-01,2011,10,C Line,Green Line,green,42810.0,22256.0,17523.0,False,pre
2011-10-01,2011,10,E Line,Expo Line,expo,36784.0,23688.0,21833.0,False,pre
2011-11-01,2011,11,A Line,Blue Line,a_line,75250.0,56212.0,38171.0,False,pre
2011-11-01,2011,11,B Line,Red Line,red,140363.0,77255.0,60157.0,False,pre
2011-11-01,2011,11,C Line,Green Line,green,40669.0,19223.0,14328.0,False,pre
2011-11-01,2011,11,E Line,Expo Line,expo,37843.0,20697.0,13936.0,False,pre
2011-12-01,2011,12,A Line,Blue Line,a_line,73825.0,53007.0,42566.0,False,pre
2011-12-01,2011,12,B Line,Red Line,red,141680.0,75326.0,66774.0,False,pre
2011-12-01,2011,12,C Line,Green Line,green,38917.0,19346.0,16153.0,False,pre
2011-12-01,2011,12,E Line,Expo Line,expo,39660.0,20130.0,15703.0,False,pre
2012-01-01,2012,1,A Line,Blue Line,a_line,78515.0,58344.0,50849.0,False,pre
2012-01-01,2012,1,B Line,Red Line,red,144854.0,84848.0,74037.0,False,pre
2012-01-01,2012,1,C Line,Green Line,green,42600.0,21900.0,18832.0,False,pre
2012-01-01,2012,1,E Line,Expo Line,expo,41129.0,25893.0,23426.0,False,pre
2012-02-01,2012,2,A Line,Blue Line,a_line,83397.0,63495.0,51091.0,False,pre
2012-02-01,2012,2,B Line,Red Line,red,148180.0,89593.0,70330.0,False,pre
2012-02-01,2012,2,C Line,Green Line,green,43712.0,23767.0,18063.0,False,pre
2012-02-01,2012,2,E Line,Expo Line,expo,41147.0,22070.0,16133.0,False,pre
2012-03-01,2012,3,A Line,Blue Line,a_line,84952.0,61087.0,46081.0,False,pre
2012-03-01,2012,3,B Line,Red Line,red,151757.0,88870.0,69912.0,False,pre
2012-03-01,2012,3,C Line,Green Line,green,44025.0,22052.0,16269.0,False,pre
2012-03-01,2012,3,E Line,Expo Line,expo,43136.0,20934.0,14384.0,False,pre
2012-04-01,2012,4,A Line,Blue Line,a_line,84459.0,67856.0,54822.0,False,pre
2012-04-01,2012,4,B Line,Red Line,red,149917.0,95348.0,83697.0,False,pre
2012-04-01,2012,4,C Line,Green Line,green,43337.0,24711.0,17989.0,False,pre
2012-04-01,2012,4,E Line,Expo Line,expo,42170.0,22230.0,19418.0,False,pre
2012-05-01,2012,5,A Line,Blue Line,a_line,83396.0,66547.0,52157.0,False,pre
2012-05-01,2012,5,B Line,Red Line,red,151751.0,100245.0,82533.0,False,pre
2012-05-01,2012,5,C Line,Green Line,green,45000.0,25296.0,17915.0,False,pre
2012-05-01,2012,5,E Line,Expo Line,expo,43614.0,23478.0,18583.0,False,pre
2012-05-01,2012,5,L Line,Gold Line,gold,11347.0,9000.0,7000.0,True,pre
2012-06-01,2012,6,A Line,Blue Line,a_line,89523.0,59718.0,47599.0,False,pre
2012-06-01,2012,6,B Line,Red Line,red,163510.0,92034.0,74864.0,False,pre
2012-06-01,2012,6,C Line,Green Line,green,46278.0,25656.0,16504.0,False,pre
2012-06-01,2012,6,E Line,Expo Line,expo,47025.0,21837.0,16293.0,False,pre
2012-06-01,2012,6,L Line,Gold Line,gold,16569.0,10612.0,8674.0,True,pre
2012-07-01,2012,7,A Line,Blue Line,a_line,89155.0,61350.0,53559.0,False,pre
2012-07-01,2012,7,B Line,Red Line,red,151309.0,86941.0,78265.0,False,pre
2012-07-01,2012,7,C Line,Green Line,green,47214.0,26568.0,17052.0,False,pre
2012-07-01,2012,7,E Line,Expo Line,expo,45694.0,22729.0,18363.0,False,pre
2012-07-01,2012,7,L Line,Gold Line,gold,18181.0,11930.0,11322.0,True,pre
2012-08-01,2012,8,A Line,Blue Line,a_line,92006.0,65686.0,54087.0,False,pre
2012-08-01,2012,8,B Line,Red Line,red,154025.0,90817.0,79423.0,False,pre
2012-08-01,2012,8,C Line,Green Line,green,45536.0,27291.0,16143.0,False,pre
2012-08-01,2012,8,E Line,Expo Line,expo,42125.0,21050.0,17075.0,False,pre
2012-08-01,2012,8,L Line,Gold Line,gold,19776.0,12569.0,10722.0,True,pre
2012-09-01,2012,9,A Line,Blue Line,a_line,92120.0,66900.0,59554.0,False,pre
2012-09-01,2012,9,B Line,Red Line,red,155940.0,91739.0,81113.0,False,pre
2012-09-01,2012,9,C Line,Green Line,green,46393.0,28889.0,17122.0,False,pre
2012-09-01,2012,9,E Line,Expo Line,expo,41987.0,23115.0,16835.0,False,pre
2012-09-01,2012,9,L Line,Gold Line,gold,20656.0,12953.0,12142.0,True,pre
2012-10-01,2012,10,A Line,Blue Line,a_line,92953.0,63619.0,62213.0,False,pre
2012-10-01,2012,10,B Line,Red Line,red,157605.0,97768.0,84308.0,False,pre
2012-10-01,2012,10,C Line,Green Line,green,46544.0,28022.0,17964.0,False,pre
2012-10-01,2012,10,E Line,Expo Line,expo,42417.0,23743.0,14859.0,False,pre
2012-10-01,2012,10,L Line,Gold Line,gold,21382.0,13279.0,13146.0,True,pre
2012-11-01,2012,11,A Line,Blue Line,a_line,93201.0,67960.0,60585.0,False,pre
2012-11-01,2012,11,B Line,Red Line,red,158321.0,96572.0,83192.0,False,pre
2012-11-01,2012,11,C Line,Green Line,green,46327.0,28796.0,19530.0,False,pre
2012-11-01,2012,11,E Line,Expo Line,expo,42175.0,22418.0,15587.0,False,pre
2012-11-01,2012,11,L Line,Gold Line,gold,22066.0,13401.0,13622.0,True,pre
2012-12-01,2012,12,A Line,Blue Line,a_line,91709.0,62780.0,59391.0,False,pre
2012-12-01,2012,12,B Line,Red Line,red,158830.0,95876.0,84580.0,False,pre
2012-12-01,2012,12,C Line,Green Line,green,46029.0,26406.0,19859.0,False,pre
2012-12-01,2012,12,E Line,Expo Line,expo,42295.0,22170.0,15101.0,False,pre
2012-12-01,2012,12,L Line,Gold Line,gold,23193.0,15654.0,14141.0,True,pre
2013-01-01,2013,1,A Line,Blue Line,a_line,88846.0,55857.0,55515.0,False,pre
2013-01-01,2013,1,B Line,Red Line,red,158328.0,89906.0,81175.0,False,pre
2013-01-01,2013,1,C Line,Green Line,green,45141.0,26943.0,19995.0,False,pre
2013-01-01,2013,1,E Line,Expo Line,expo,42476.0,22286.0,15077.0,False,pre
2013-01-01,2013,1,L Line,Gold Line,gold,24175.0,17534.0,14501.0,True,pre
2013-02-01,2013,2,A Line,Blue Line,a_line,88023.0,52314.0,54588.0,False,pre
2013-02-01,2013,2,B Line,Red Line,red,157764.0,92173.0,78714.0,False,pre
2013-02-01,2013,2,C Line,Green Line,green,44317.0,25164.0,19938.0,False,pre
2013-02-01,2013,2,E Line,Expo Line,expo,43091.0,23333.0,16901.0,False,pre
2013-02-01,2013,2,L Line,Gold Line,gold,25295.0,19200.0,14801.0,True,pre
2013-03-01,2013,3,A Line,Blue Line,a_line,87421.0,55681.0,50937.0,False,pre
2013-03-01,2013,3,B Line,Red Line,red,158754.0,96842.0,76142.0,False,pre
2013-03-01,2013,3,C Line,Green Line,green,44133.0,24545.0,19402.0,False,pre
2013-03-01,2013,3,E Line,Expo Line,expo,43564.0,22314.0,17379.0,False,pre
2013-03-01,2013,3,L Line,Gold Line,gold,25983.0,19848.0,14782.0,True,pre
2013-04-01,2013,4,A Line,Blue Line,a_line,87392.0,59762.0,49063.0,False,pre
2013-04-01,2013,4,B Line,Red Line,red,157429.0,97782.0,73156.0,False,pre
2013-04-01,2013,4,C Line,Green Line,green,42416.0,24905.0,19051.0,False,pre
2013-04-01,2013,4,E Line,Expo Line,expo,43439.0,21968.0,17268.0,False,pre
2013-04-01,2013,4,L Line,Gold Line,gold,25731.0,19154.0,14631.0,True,pre
2013-05-01,2013,5,A Line,Blue Line,a_line,86310.0,59395.0,48436.0,False,pre
2013-05-01,2013,5,B Line,Red Line,red,157257.0,101440.0,73874.0,False,pre
2013-05-01,2013,5,C Line,Green Line,green,41569.0,25366.0,17767.0,False,pre
2013-05-01,2013,5,E Line,Expo Line,expo,43173.0,21225.0,16641.0,False,pre
2013-05-01,2013,5,L Line,Gold Line,gold,26663.0,18604.0,14299.0,True,pre
2013-06-01,2013,6,A Line,Blue Line,a_line,86485.0,61314.0,48396.0,False,pre
2013-06-01,2013,6,B Line,Red Line,red,161010.0,102100.0,69442.0,False,pre
2013-06-01,2013,6,C Line,Green Line,green,42361.0,26082.0,17677.0,False,pre
2013-06-01,2013,6,E Line,Expo Line,expo,44116.0,19747.0,16849.0,False,pre
2013-06-01,2013,6,L Line,Gold Line,gold,26894.0,19161.0,13904.0,True,pre
2013-07-01,2013,7,A Line,Blue Line,a_line,87597.0,61244.0,48641.0,False,pre
2013-07-01,2013,7,B Line,Red Line,red,162746.0,104060.0,71990.0,False,pre
2013-07-01,2013,7,C Line,Green Line,green,42670.0,26030.0,16938.0,False,pre
2013-07-01,2013,7,E Line,Expo Line,expo,44267.0,20532.0,18002.0,False,pre
2013-07-01,2013,7,L Line,Gold Line,gold,26908.0,19265.0,14470.0,True,pre
2013-08-01,2013,8,A Line,Blue Line,a_line,87723.0,60840.0,48487.0,False,pre
2013-08-01,2013,8,B Line,Red Line,red,164081.0,107995.0,74028.0,False,pre
2013-08-01,2013,8,C Line,Green Line,green,42593.0,27691.0,16142.0,False,pre
2013-08-01,2013,8,E Line,Expo Line,expo,44451.0,21506.0,19033.0,False,pre
2013-08-01,2013,8,L Line,Gold Line,gold,27280.0,20063.0,15014.0,True,pre
2013-09-01,2013,9,A Line,Blue Line,a_line,88619.0,61379.0,47866.0,False,pre
2013-09-01,2013,9,B Line,Red Line,red,167839.0,110887.0,71874.0,False,pre
2013-09-01,2013,9,C Line,Green Line,green,42101.0,29670.0,18155.0,False,pre
2013-09-01,2013,9,E Line,Expo Line,expo,44374.0,22387.0,20684.0,False,pre
2013-09-01,2013,9,L Line,Gold Line,gold,27269.0,19634.0,15036.0,True,pre
2013-10-01,2013,10,A Line,Blue Line,a_line,88095.0,60339.0,46897.0,False,pre
2013-10-01,2013,10,B Line,Red Line,red,169478.0,113742.0,69070.0,False,pre
2013-10-01,2013,10,C Line,Green Line,green,43222.0,29948.0,19173.0,False,pre
2013-10-01,2013,10,E Line,Expo Line,expo,43923.0,24171.0,20531.0,False,pre
2013-10-01,2013,10,L Line,Gold Line,gold,27603.0,19727.0,14322.0,True,pre
2013-11-01,2013,11,A Line,Blue Line,a_line,87242.0,59967.0,45786.0,False,pre
2013-11-01,2013,11,B Line,Red Line,red,169562.0,110122.0,68740.0,False,pre
2013-11-01,2013,11,C Line,Green Line,green,43458.0,30482.0,20880.0,False,pre
2013-11-01,2013,11,E Line,Expo Line,expo,43831.0,27326.0,22781.0,False,pre
2013-11-01,2013,11,L Line,Gold Line,gold,27679.0,21936.0,16244.0,True,pre
2013-12-01,2013,12,A Line,Blue Line,a_line,84771.0,58544.0,44469.0,False,pre
2013-12-01,2013,12,B Line,Red Line,red,165526.0,115287.0,66393.0,False,pre
2013-12-01,2013,12,C Line,Green Line,green,43432.0,29792.0,20076.0,False,pre
2013-12-01,2013,12,E Line,Expo Line,expo,42107.0,30150.0,25740.0,False,pre
2013-12-01,2013,12,L Line,Gold Line,gold,27360.0,21194.0,16032.0,True,pre
2014-01-01,2014,1,A Line,Blue Line,a_line,82383.0,55785.0,44016.0,False,pre
2014-01-01,2014,1,B Line,Red Line,red,162873.0,107417.0,67240.0,False,pre
2014-01-01,2014,1,C Line,Green Line,green,43064.0,29543.0,20707.0,False,pre
2014-01-01,2014,1,E Line,Expo Line,expo,41802.0,29909.0,25235.0,False,pre
2014-01-01,2014,1,L Line,Gold Line,gold,27155.0,22807.0,15631.0,True,pre
2014-02-01,2014,2,A Line,Blue Line,a_line,82320.0,56582.0,43940.0,False,pre
2014-02-01,2014,2,B Line,Red Line,red,158086.0,111301.0,65647.0,False,pre
2014-02-01,2014,2,C Line,Green Line,green,42477.0,27431.0,20227.0,False,pre
2014-02-01,2014,2,E Line,Expo Line,expo,41624.0,29739.0,23729.0,False,pre
2014-02-01,2014,2,L Line,Gold Line,gold,28152.0,22902.0,15645.0,True,pre
2014-03-01,2014,3,A Line,Blue Line,a_line,83862.0,54795.0,44374.0,False,pre
2014-03-01,2014,3,B Line,Red Line,red,148484.0,108155.0,70882.0,False,pre
2014-03-01,2014,3,C Line,Green Line,green,42085.0,25356.0,19208.0,False,pre
2014-03-01,2014,3,E Line,Expo Line,expo,41390.0,28583.0,23659.0,False,pre
2014-03-01,2014,3,L Line,Gold Line,gold,28462.0,23151.0,15469.0,True,pre
2014-04-01,2014,4,A Line,Blue Line,a_line,85283.0,54927.0,44636.0,False,pre
2014-04-01,2014,4,B Line,Red Line,red,147777.0,105849.0,72441.0,False,pre
2014-04-01,2014,4,C Line,Green Line,green,41023.0,25457.0,19057.0,False,pre
2014-04-01,2014,4,E Line,Expo Line,expo,41246.0,28682.0,24698.0,False,pre
2014-04-01,2014,4,L Line,Gold Line,gold,29623.0,23719.0,15298.0,True,pre
2014-05-01,2014,5,A Line,Blue Line,a_line,86065.0,56081.0,44917.0,False,pre
2014-05-01,2014,5,B Line,Red Line,red,146299.0,104051.0,74860.0,False,pre
2014-05-01,2014,5,C Line,Green Line,green,40768.0,24399.0,18446.0,False,pre
2014-05-01,2014,5,E Line,Expo Line,expo,41196.0,28377.0,24263.0,False,pre
2014-05-01,2014,5,L Line,Gold Line,gold,30404.0,23391.0,14686.0,True,pre
2014-06-01,2014,6,A Line,Blue Line,a_line,87206.0,56113.0,45075.0,False,pre
2014-06-01,2014,6,B Line,Red Line,red,149456.0,99993.0,75773.0,False,pre
2014-06-01,2014,6,C Line,Green Line,green,40587.0,23888.0,18021.0,False,pre
2014-06-01,2014,6,E Line,Expo Line,expo,41839.0,28219.0,24336.0,False,pre
2014-06-01,2014,6,L Line,Gold Line,gold,31031.0,23752.0,14597.0,True,pre
2014-07-01,2014,7,A Line,Blue Line,a_line,87516.0,56016.0,47945.0,False,pre
2014-07-01,2014,7,B Line,Red Line,red,150774.0,102471.0,79036.0,False,pre
2014-07-01,2014,7,C Line,Green Line,green,40922.0,23352.0,17782.0,False,pre
2014-07-01,2014,7,E Line,Expo Line,expo,42695.0,28374.0,24029.0,False,pre
2014-07-01,2014,7,L Line,Gold Line,gold,31710.0,22828.0,14996.0,True,pre
2014-08-01,2014,8,A Line,Blue Line,a_line,87155.0,56386.0,47855.0,False,pre
2014-08-01,2014,8,B Line,Red Line,red,152105.0,98810.0,83408.0,False,pre
2014-08-01,2014,8,C Line,Green Line,green,41739.0,24360.0,18034.0,False,pre
2014-08-01,2014,8,E Line,Expo Line,expo,43032.0,28853.0,24402.0,False,pre
2014-08-01,2014,8,L Line,Gold Line,gold,31549.0,22612.0,16112.0,True,pre
2014-09-01,2014,9,A Line,Blue Line,a_line,86204.0,57467.0,47431.0,False,pre
2014-09-01,2014,9,B Line,Red Line,red,153343.0,99353.0,81489.0,False,pre
2014-09-01,2014,9,C Line,Green Line,green,41791.0,26195.0,18453.0,False,pre
2014-09-01,2014,9,E Line,Expo Line,expo,44149.0,28880.0,24548.0,False,pre
2014-09-01,2014,9,L Line,Gold Line,gold,31850.0,23278.0,16563.0,True,pre
2014-10-01,2014,10,A Line,Blue Line,a_line,85129.0,57399.0,47236.0,False,pre
2014-10-01,2014,10,B Line,Red Line,red,153957.0,100697.0,83611.0,False,pre
2014-10-01,2014,10,C Line,Green Line,green,41713.0,24573.0,18046.0,False,pre
2014-10-01,2014,10,E Line,Expo Line,expo,44891.0,29123.0,24702.0,False,pre
2014-10-01,2014,10,L Line,Gold Line,gold,31362.0,23752.0,16729.0,True,pre
2014-11-01,2014,11,A Line,Blue Line,a_line,84838.0,56850.0,46950.0,False,pre
2014-11-01,2014,11,B Line,Red Line,red,154618.0,96163.0,83146.0,False,pre
2014-11-01,2014,11,C Line,Green Line,green,41221.0,24533.0,17631.0,False,pre
2014-11-01,2014,11,E Line,Expo Line,expo,45010.0,29692.0,23954.0,False,pre
2014-11-01,2014,11,L Line,Gold Line,gold,30679.0,22941.0,16578.0,True,pre
2014-12-01,2014,12,A Line,Blue Line,a_line,82365.0,56963.0,47052.0,False,pre
2014-12-01,2014,12,B Line,Red Line,red,150421.0,95624.0,84974.0,False,pre
2014-12-01,2014,12,C Line,Green Line,green,40403.0,24519.0,17643.0,False,pre
2014-12-01,2014,12,E Line,Expo Line,expo,44707.0,29550.0,23696.0,False,pre
2014-12-01,2014,12,L Line,Gold Line,gold,30262.0,22751.0,16997.0,True,pre
2015-01-01,2015,1,A Line,Blue Line,a_line,80777.0,58787.0,43009.0,False,pre
2015-01-01,2015,1,B Line,Red Line,red,149377.0,94214.0,83699.0,False,pre
2015-01-01,2015,1,C Line,Green Line,green,39678.0,23077.0,16840.0,False,pre
2015-01-01,2015,1,E Line,Expo Line,expo,44312.0,29933.0,23523.0,False,pre
2015-01-01,2015,1,L Line,Gold Line,gold,30137.0,22513.0,16489.0,True,pre
2015-02-01,2015,2,A Line,Blue Line,a_line,80105.0,58548.0,44690.0,False,pre
2015-02-01,2015,2,B Line,Red Line,red,147469.0,93014.0,80746.0,False,pre
2015-02-01,2015,2,C Line,Green Line,green,39143.0,22719.0,16428.0,False,pre
2015-02-01,2015,2,E Line,Expo Line,expo,44362.0,29686.0,23157.0,False,pre
2015-02-01,2015,2,L Line,Gold Line,gold,30191.0,22221.0,16055.0,True,pre
2015-03-01,2015,3,A Line,Blue Line,a_line,79668.0,56334.0,44901.0,False,pre
2015-03-01,2015,3,B Line,Red Line,red,146525.0,93959.0,76581.0,False,pre
2015-03-01,2015,3,C Line,Green Line,green,38790.0,22369.0,16508.0,False,pre
2015-03-01,2015,3,E Line,Expo Line,expo,43631.0,29859.0,23050.0,False,pre
2015-03-01,2015,3,L Line,Gold Line,gold,30000.0,21432.0,16009.0,True,pre
2015-04-01,2015,4,A Line,Blue Line,a_line,79034.0,48680.0,40016.0,False,pre
2015-04-01,2015,4,B Line,Red Line,red,140947.0,92548.0,77390.0,False,pre
2015-04-01,2015,4,C Line,Green Line,green,38102.0,22035.0,16455.0,False,pre
2015-04-01,2015,4,E Line,Expo Line,expo,41962.0,28838.0,23494.0,False,pre
2015-04-01,2015,4,L Line,Gold Line,gold,29917.0,20628.0,16254.0,True,pre
2015-05-01,2015,5,A Line,Blue Line,a_line,77286.0,46725.0,39822.0,False,pre
2015-05-01,2015,5,B Line,Red Line,red,138307.0,94501.0,78959.0,False,pre
2015-05-01,2015,5,C Line,Green Line,green,37745.0,21193.0,16287.0,False,pre
2015-05-01,2015,5,E Line,Expo Line,expo,41248.0,28305.0,24345.0,False,pre
2015-05-01,2015,5,L Line,Gold Line,gold,29801.0,20767.0,16169.0,True,pre
2015-06-01,2015,6,A Line,Blue Line,a_line,78532.0,40919.0,34576.0,False,pre
2015-06-01,2015,6,B Line,Red Line,red,140873.0,93958.0,80184.0,False,pre
2015-06-01,2015,6,C Line,Green Line,green,39016.0,20392.0,16147.0,False,pre
2015-06-01,2015,6,E Line,Expo Line,expo,43087.0,29406.0,24794.0,False,pre
2015-06-01,2015,6,L Line,Gold Line,gold,30507.0,21864.0,16185.0,True,pre
2015-07-01,2015,7,A Line,Blue Line,a_line,77414.0,41860.0,42080.0,False,pre
2015-07-01,2015,7,B Line,Red Line,red,143249.0,93605.0,86211.0,False,pre
2015-07-01,2015,7,C Line,Green Line,green,39630.0,20192.0,16830.0,False,pre
2015-07-01,2015,7,E Line,Expo Line,expo,44211.0,29010.0,25559.0,False,pre
2015-07-01,2015,7,L Line,Gold Line,gold,30685.0,22321.0,16729.0,True,pre
2015-08-01,2015,8,A Line,Blue Line,a_line,76241.0,49358.0,43935.0,False,pre
2015-08-01,2015,8,B Line,Red Line,red,143046.0,95225.0,84460.0,False,pre
2015-08-01,2015,8,C Line,Green Line,green,39492.0,20253.0,16830.0,False,pre
2015-08-01,2015,8,E Line,Expo Line,expo,43829.0,29933.0,25744.0,False,pre
2015-08-01,2015,8,L Line,Gold Line,gold,30221.0,22974.0,17027.0,True,pre
2015-09-01,2015,9,A Line,Blue Line,a_line,73880.0,52216.0,38241.0,False,pre
2015-09-01,2015,9,B Line,Red Line,red,142615.0,94120.0,83409.0,False,pre
2015-09-01,2015,9,C Line,Green Line,green,39508.0,20062.0,16487.0,False,pre
2015-09-01,2015,9,E Line,Expo Line,expo,44931.0,29261.0,26060.0,False,pre
2015-09-01,2015,9,L Line,Gold Line,gold,30163.0,23287.0,16999.0,True,pre
2015-10-01,2015,10,A Line,Blue Line,a_line,72561.0,51104.0,38877.0,False,pre
2015-10-01,2015,10,B Line,Red Line,red,145556.0,96804.0,81892.0,False,pre
2015-10-01,2015,10,C Line,Green Line,green,39688.0,20981.0,16211.0,False,pre
2015-10-01,2015,10,E Line,Expo Line,expo,45984.0,29729.0,25419.0,False,pre
2015-10-01,2015,10,L Line,Gold Line,gold,30315.0,22398.0,17066.0,True,pre
2015-11-01,2015,11,A Line,Blue Line,a_line,74207.0,44491.0,32588.0,False,pre
2015-11-01,2015,11,B Line,Red Line,red,145135.0,96877.0,80068.0,False,pre
2015-11-01,2015,11,C Line,Green Line,green,40009.0,20253.0,16167.0,False,pre
2015-11-01,2015,11,E Line,Expo Line,expo,46520.0,30225.0,25957.0,False,pre
2015-11-01,2015,11,L Line,Gold Line,gold,30830.0,22364.0,17318.0,True,pre
2015-12-01,2015,12,A Line,Blue Line,a_line,72790.0,37743.0,27988.0,False,pre
2015-12-01,2015,12,B Line,Red Line,red,143708.0,96678.0,76928.0,False,pre
2015-12-01,2015,12,C Line,Green Line,green,39294.0,19873.0,15508.0,False,pre
2015-12-01,2015,12,E Line,Expo Line,expo,46673.0,29762.0,26058.0,False,pre
2015-12-01,2015,12,L Line,Gold Line,gold,30371.0,22142.0,16321.0,True,pre
2016-01-01,2016,1,A Line,Blue Line,a_line,72879.0,52414.0,43665.0,False,pre
2016-01-01,2016,1,B Line,Red Line,red,141635.0,96142.0,76099.0,False,pre
2016-01-01,2016,1,C Line,Green Line,green,38489.0,19235.0,14069.0,False,pre
2016-01-01,2016,1,E Line,Expo Line,expo,46608.0,30012.0,25799.0,False,pre
2016-01-01,2016,1,L Line,Gold Line,gold,30510.0,21156.0,15464.0,True,pre
2016-02-01,2016,2,A Line,Blue Line,a_line,74202.0,49272.0,44009.0,False,pre
2016-02-01,2016,2,B Line,Red Line,red,142319.0,94205.0,76476.0,False,pre
2016-02-01,2016,2,C Line,Green Line,green,38050.0,18820.0,13929.0,False,pre
2016-02-01,2016,2,E Line,Expo Line,expo,47931.0,27945.0,26377.0,False,pre
2016-02-01,2016,2,L Line,Gold Line,gold,30785.0,21671.0,15701.0,True,pre
2016-03-01,2016,3,A Line,Blue Line,a_line,76003.0,48418.0,41034.0,False,transition
2016-03-01,2016,3,B Line,Red Line,red,142270.0,95187.0,77111.0,False,transition
2016-03-01,2016,3,C Line,Green Line,green,37763.0,18155.0,13736.0,False,transition
2016-03-01,2016,3,E Line,Expo Line,expo,52672.0,32988.0,32013.0,False,transition
2016-03-01,2016,3,L Line,Gold Line,gold,30386.0,21074.0,15144.0,True,transition
2016-04-01,2016,4,A Line,Blue Line,a_line,77357.0,48566.0,40860.0,False,post
2016-04-01,2016,4,B Line,Red Line,red,139663.0,91338.0,77808.0,False,post
2016-04-01,2016,4,C Line,Green Line,green,37459.0,17565.0,13763.0,False,post
2016-04-01,2016,4,E Line,Expo Line,expo,50219.0,36793.0,31208.0,False,post
2016-04-01,2016,4,L Line,Gold Line,gold,29047.0,21945.0,15965.0,True,post
2016-05-01,2016,5,A Line,Blue Line,a_line,81389.0,58724.0,46988.0,False,post
2016-05-01,2016,5,B Line,Red Line,red,134295.0,86900.0,74840.0,False,post
2016-05-01,2016,5,C Line,Green Line,green,34913.0,17746.0,13590.0,False,post
2016-05-01,2016,5,E Line,Expo Line,expo,49238.0,36001.0,31625.0,False,post
2016-05-01,2016,5,L Line,Gold Line,gold,39237.0,31759.0,34055.0,True,post
2016-06-01,2016,6,A Line,Blue Line,a_line,83426.0,52095.0,40167.0,False,post
2016-06-01,2016,6,B Line,Red Line,red,146991.0,84758.0,73915.0,False,post
2016-06-01,2016,6,C Line,Green Line,green,35486.0,17240.0,14053.0,False,post
2016-06-01,2016,6,E Line,Expo Line,expo,50722.0,38817.0,33100.0,False,post
2016-06-01,2016,6,L Line,Gold Line,gold,45876.0,34844.0,35995.0,True,post
2016-07-01,2016,7,A Line,Blue Line,a_line,83612.0,50005.0,39273.0,False,post
2016-07-01,2016,7,B Line,Red Line,red,149096.0,81405.0,74609.0,False,post
2016-07-01,2016,7,C Line,Green Line,green,36141.0,18469.0,15976.0,False,post
2016-07-01,2016,7,E Line,Expo Line,expo,50087.0,36760.0,31840.0,False,post
2016-07-01,2016,7,L Line,Gold Line,gold,43199.0,34440.0,31617.0,True,post
2016-08-01,2016,8,A Line,Blue Line,a_line,81909.0,46306.0,35558.0,False,post
2016-08-01,2016,8,B Line,Red Line,red,147638.0,87279.0,73867.0,False,post
2016-08-01,2016,8,C Line,Green Line,green,36698.0,18098.0,16566.0,False,post
2016-08-01,2016,8,E Line,Expo Line,expo,50744.0,36435.0,32455.0,False,post
2016-08-01,2016,8,L Line,Gold Line,gold,43015.0,35560.0,32503.0,True,post
2016-09-01,2016,9,A Line,Blue Line,a_line,80516.0,47318.0,36995.0,False,post
2016-09-01,2016,9,B Line,Red Line,red,147792.0,84378.0,73031.0,False,post
2016-09-01,2016,9,C Line,Green Line,green,34796.0,17655.0,15879.0,False,post
2016-09-01,2016,9,E Line,Expo Line,expo,52018.0,36099.0,32240.0,False,post
2016-09-01,2016,9,L Line,Gold Line,gold,41518.0,34361.0,31784.0,True,post
2016-10-01,2016,10,A Line,Blue Line,a_line,78693.0,46010.0,37029.0,False,post
2016-10-01,2016,10,B Line,Red Line,red,141053.0,89513.0,72957.0,False,post
2016-10-01,2016,10,C Line,Green Line,green,34549.0,17412.0,15603.0,False,post
2016-10-01,2016,10,E Line,Expo Line,expo,52143.0,35211.0,31630.0,False,post
2016-10-01,2016,10,L Line,Gold Line,gold,42344.0,33266.0,30838.0,True,post
2016-11-01,2016,11,A Line,Blue Line,a_line,77996.0,44490.0,36471.0,False,post
2016-11-01,2016,11,B Line,Red Line,red,143692.0,92911.0,70511.0,False,post
2016-11-01,2016,11,C Line,Green Line,green,33581.0,17684.0,15363.0,False,post
2016-11-01,2016,11,E Line,Expo Line,expo,52916.0,34091.0,29765.0,False,post
2016-11-01,2016,11,L Line,Gold Line,gold,47544.0,33074.0,34374.0,True,post
2016-12-01,2016,12,A Line,Blue Line,a_line,76751.0,43670.0,35659.0,False,post
2016-12-01,2016,12,B Line,Red Line,red,144339.0,92107.0,69866.0,False,post
2016-12-01,2016,12,C Line,Green Line,green,33387.0,17744.0,15016.0,False,post
2016-12-01,2016,12,E Line,Expo Line,expo,51311.0,31050.0,28179.0,False,post
2016-12-01,2016,12,L Line,Gold Line,gold,54073.0,34742.0,43819.0,True,post
2017-01-01,2017,1,A Line,Blue Line,a_line,77430.0,43221.0,35742.0,False,post
2017-01-01,2017,1,B Line,Red Line,red,145286.0,90373.0,68400.0,False,post
2017-01-01,2017,1,C Line,Green Line,green,33107.0,16695.0,14509.0,False,post
2017-01-01,2017,1,E Line,Expo Line,expo,53648.0,31720.0,27033.0,False,post
2017-01-01,2017,1,L Line,Gold Line,gold,53473.0,32177.0,44252.0,True,post
2017-02-01,2017,2,A Line,Blue Line,a_line,74596.0,42866.0,33742.0,False,post
2017-02-01,2017,2,B Line,Red Line,red,143964.0,91685.0,67751.0,False,post
2017-02-01,2017,2,C Line,Green Line,green,32449.0,17134.0,13522.0,False,post
2017-02-01,2017,2,E Line,Expo Line,expo,50599.0,32057.0,27652.0,False,post
2017-02-01,2017,2,L Line,Gold Line,gold,55388.0,31018.0,38625.0,True,post
2017-03-01,2017,3,A Line,Blue Line,a_line,72822.0,42796.0,34671.0,False,post
2017-03-01,2017,3,B Line,Red Line,red,144327.0,90593.0,65342.0,False,post
2017-03-01,2017,3,C Line,Green Line,green,32504.0,17201.0,13017.0,False,post
2017-03-01,2017,3,E Line,Expo Line,expo,51195.0,32034.0,26991.0,False,post
2017-03-01,2017,3,L Line,Gold Line,gold,59931.0,32212.0,40340.0,True,post
2017-04-01,2017,4,A Line,Blue Line,a_line,69332.0,40510.0,35047.0,False,post
2017-04-01,2017,4,B Line,Red Line,red,145321.0,92475.0,58740.0,False,post
2017-04-01,2017,4,C Line,Green Line,green,31854.0,18110.0,13233.0,False,post
2017-04-01,2017,4,E Line,Expo Line,expo,51442.0,31987.0,26349.0,False,post
2017-04-01,2017,4,L Line,Gold Line,gold,57176.0,33992.0,38822.0,True,post
2017-05-01,2017,5,A Line,Blue Line,a_line,67670.0,40991.0,33879.0,False,post
2017-05-01,2017,5,B Line,Red Line,red,143120.0,94402.0,62106.0,False,post
2017-05-01,2017,5,C Line,Green Line,green,31507.0,17575.0,13386.0,False,post
2017-05-01,2017,5,E Line,Expo Line,expo,52355.0,32269.0,26248.0,False,post
2017-05-01,2017,5,L Line,Gold Line,gold,60972.0,34763.0,32198.0,True,post
2017-06-01,2017,6,A Line,Blue Line,a_line,68689.0,41995.0,33569.0,False,post
2017-06-01,2017,6,B Line,Red Line,red,143445.0,99782.0,63804.0,False,post
2017-06-01,2017,6,C Line,Green Line,green,31439.0,17643.0,13496.0,False,post
2017-06-01,2017,6,E Line,Expo Line,expo,53766.0,34146.0,25189.0,False,post
2017-06-01,2017,6,L Line,Gold Line,gold,64164.0,35513.0,31706.0,True,post
2017-07-01,2017,7,A Line,Blue Line,a_line,69000.0,41172.0,33239.0,False,post
2017-07-01,2017,7,B Line,Red Line,red,142338.0,96081.0,61375.0,False,post
2017-07-01,2017,7,C Line,Green Line,green,31620.0,17652.0,13012.0,False,post
2017-07-01,2017,7,E Line,Expo Line,expo,54228.0,32565.0,24701.0,False,post
2017-07-01,2017,7,L Line,Gold Line,gold,63385.0,35844.0,31675.0,True,post
2017-08-01,2017,8,A Line,Blue Line,a_line,72202.0,38514.0,34486.0,False,post
2017-08-01,2017,8,B Line,Red Line,red,141471.0,98719.0,65525.0,False,post
2017-08-01,2017,8,C Line,Green Line,green,31963.0,17954.0,13700.0,False,post
2017-08-01,2017,8,E Line,Expo Line,expo,54036.0,32861.0,23602.0,False,post
2017-08-01,2017,8,L Line,Gold Line,gold,60578.0,38837.0,31718.0,True,post
2017-09-01,2017,9,A Line,Blue Line,a_line,73016.0,38803.0,32070.0,False,post
2017-09-01,2017,9,B Line,Red Line,red,139826.0,96135.0,66296.0,False,post
2017-09-01,2017,9,C Line,Green Line,green,33528.0,17345.0,13938.0,False,post
2017-09-01,2017,9,E Line,Expo Line,expo,53157.0,31877.0,23898.0,False,post
2017-09-01,2017,9,L Line,Gold Line,gold,58975.0,39211.0,30879.0,True,post
2017-10-01,2017,10,A Line,Blue Line,a_line,73250.0,37759.0,32076.0,False,post
2017-10-01,2017,10,B Line,Red Line,red,139075.0,100986.0,70026.0,False,post
2017-10-01,2017,10,C Line,Green Line,green,34105.0,15860.0,13706.0,False,post
2017-10-01,2017,10,E Line,Expo Line,expo,52635.0,34704.0,24749.0,False,post
2017-10-01,2017,10,L Line,Gold Line,gold,58803.0,35735.0,31658.0,True,post
2017-11-01,2017,11,A Line,Blue Line,a_line,73949.0,36107.0,32519.0,False,post
2017-11-01,2017,11,B Line,Red Line,red,139649.0,97575.0,69154.0,False,post
2017-11-01,2017,11,C Line,Green Line,green,33790.0,15855.0,13775.0,False,post
2017-11-01,2017,11,E Line,Expo Line,expo,52589.0,33292.0,24468.0,False,post
2017-11-01,2017,11,L Line,Gold Line,gold,61202.0,39215.0,29166.0,True,post
2017-12-01,2017,12,A Line,Blue Line,a_line,73930.0,36285.0,31980.0,False,post
2017-12-01,2017,12,B Line,Red Line,red,136834.0,85694.0,67674.0,False,post
2017-12-01,2017,12,C Line,Green Line,green,32962.0,16291.0,13307.0,False,post
2017-12-01,2017,12,E Line,Expo Line,expo,51158.0,32091.0,23827.0,False,post
2017-12-01,2017,12,L Line,Gold Line,gold,61420.0,38535.0,30381.0,True,post
2018-01-01,2018,1,A Line,Blue Line,a_line,72920.0,33280.0,31196.0,False,post
2018-01-01,2018,1,B Line,Red Line,red,138140.0,85167.0,69241.0,False,post
2018-01-01,2018,1,C Line,Green Line,green,32924.0,17096.0,13746.0,False,post
2018-01-01,2018,1,E Line,Expo Line,expo,50411.0,32858.0,24772.0,False,post
2018-01-01,2018,1,L Line,Gold Line,gold,60564.0,35923.0,28805.0,True,post
2018-02-01,2018,2,A Line,Blue Line,a_line,69668.0,32694.0,29137.0,False,post
2018-02-01,2018,2,B Line,Red Line,red,138610.0,83740.0,67075.0,False,post
2018-02-01,2018,2,C Line,Green Line,green,30814.0,16297.0,13351.0,False,post
2018-02-01,2018,2,E Line,Expo Line,expo,48909.0,32643.0,25574.0,False,post
2018-02-01,2018,2,L Line,Gold Line,gold,61201.0,36631.0,31356.0,True,post
2018-03-01,2018,3,A Line,Blue Line,a_line,67572.0,30833.0,27873.0,False,post
2018-03-01,2018,3,B Line,Red Line,red,135626.0,82035.0,68674.0,False,post
2018-03-01,2018,3,C Line,Green Line,green,29041.0,14950.0,12559.0,False,post
2018-03-01,2018,3,E Line,Expo Line,expo,48744.0,32542.0,24211.0,False,post
2018-03-01,2018,3,L Line,Gold Line,gold,60625.0,37172.0,30255.0,True,post
2018-07-01,2018,7,A Line,Blue Line,a_line,62085.0,32128.0,27633.0,False,post
2018-07-01,2018,7,B Line,Red Line,red,135985.0,82756.0,69629.0,False,post
2018-07-01,2018,7,C Line,Green Line,green,29875.0,15287.0,12870.0,False,post
2018-07-01,2018,7,E Line,Expo Line,expo,50552.0,32712.0,24292.0,False,post
2018-07-01,2018,7,L Line,Gold Line,gold,60432.0,37499.0,34203.0,True,post
2018-08-01,2018,8,A Line,Blue Line,a_line,61965.0,32276.0,29195.0,False,post
2018-08-01,2018,8,B Line,Red Line,red,135626.0,81407.0,73704.0,False,post
2018-08-01,2018,8,C Line,Green Line,green,30106.0,16555.0,13401.0,False,post
2018-08-01,2018,8,E Line,Expo Line,expo,49643.0,33050.0,23379.0,False,post
2018-08-01,2018,8,L Line,Gold Line,gold,60936.0,37815.0,34543.0,True,post
2018-09-01,2018,9,A Line,Blue Line,a_line,62324.0,32224.0,29187.0,False,post
2018-09-01,2018,9,B Line,Red Line,red,138171.0,83801.0,71739.0,False,post
2018-09-01,2018,9,C Line,Green Line,green,31469.0,17993.0,14303.0,False,post
2018-09-01,2018,9,E Line,Expo Line,expo,49521.0,29736.0,24900.0,False,post
2018-09-01,2018,9,L Line,Gold Line,gold,61356.0,38158.0,36388.0,True,post
2018-10-01,2018,10,A Line,Blue Line,a_line,63008.0,30579.0,30314.0,False,post
2018-10-01,2018,10,B Line,Red Line,red,138556.0,82630.0,69353.0,False,post
2018-10-01,2018,10,C Line,Green Line,green,32406.0,18058.0,14595.0,False,post
2018-10-01,2018,10,E Line,Expo Line,expo,50663.0,29432.0,25424.0,False,post
2018-10-01,2018,10,L Line,Gold Line,gold,61957.0,36986.0,34422.0,True,post
2018-11-01,2018,11,A Line,Blue Line,a_line,63463.0,31963.0,30432.0,False,post
2018-11-01,2018,11,B Line,Red Line,red,138937.0,77120.0,71238.0,False,post
2018-11-01,2018,11,C Line,Green Line,green,33177.0,18215.0,14779.0,False,post
2018-11-01,2018,11,E Line,Expo Line,expo,51673.0,28644.0,26510.0,False,post
2018-11-01,2018,11,L Line,Gold Line,gold,62935.0,37687.0,32468.0,True,post
2018-12-01,2018,12,A Line,Blue Line,a_line,62458.0,32774.0,29419.0,False,post
2018-12-01,2018,12,B Line,Red Line,red,140006.0,77786.0,72050.0,False,post
2018-12-01,2018,12,C Line,Green Line,green,32039.0,18030.0,15057.0,False,post
2018-12-01,2018,12,E Line,Expo Line,expo,55028.0,27639.0,26449.0,False,post
2018-12-01,2018,12,L Line,Gold Line,gold,62383.0,36405.0,31558.0,True,post
2019-01-01,2019,1,A Line,Blue Line,a_line,61623.0,31994.0,29416.0,False,post
2019-01-01,2019,1,B Line,Red Line,red,139759.0,78342.0,71760.0,False,post
2019-01-01,2019,1,C Line,Green Line,green,31711.0,17518.0,14992.0,False,post
2019-01-01,2019,1,E Line,Expo Line,expo,54907.0,27194.0,26004.0,False,post
2019-01-01,2019,1,L Line,Gold Line,gold,61572.0,34958.0,29833.0,True,post
2019-02-01,2019,2,A Line,Blue Line,a_line,29774.0,20451.0,16318.0,False,post
2019-02-01,2019,2,B Line,Red Line,red,139850.0,77831.0,69648.0,False,post
2019-02-01,2019,2,C Line,Green Line,green,29607.0,16142.0,14002.0,False,post
2019-02-01,2019,2,E Line,Expo Line,expo,54130.0,28121.0,25650.0,False,post
2019-02-01,2019,2,L Line,Gold Line,gold,61104.0,34209.0,30366.0,True,post
2019-03-01,2019,3,A Line,Blue Line,a_line,30599.0,21283.0,18457.0,False,post
2019-03-01,2019,3,B Line,Red Line,red,136622.0,76355.0,68962.0,False,post
2019-03-01,2019,3,C Line,Green Line,green,29056.0,15743.0,13880.0,False,post
2019-03-01,2019,3,E Line,Expo Line,expo,52632.0,27422.0,25952.0,False,post
2019-03-01,2019,3,L Line,Gold Line,gold,61828.0,34302.0,31231.0,True,post
2019-04-01,2019,4,A Line,Blue Line,a_line,30092.0,21042.0,17347.0,False,post
2019-04-01,2019,4,B Line,Red Line,red,135951.0,77066.0,67228.0,False,post
2019-04-01,2019,4,C Line,Green Line,green,27783.0,16323.0,13654.0,False,post
2019-04-01,2019,4,E Line,Expo Line,expo,50463.0,28110.0,25029.0,False,post
2019-04-01,2019,4,L Line,Gold Line,gold,62135.0,33631.0,30619.0,True,post
2019-05-01,2019,5,A Line,Blue Line,a_line,29560.0,20272.0,17101.0,False,post
2019-05-01,2019,5,B Line,Red Line,red,134329.0,79423.0,62894.0,False,post
2019-05-01,2019,5,C Line,Green Line,green,27190.0,16331.0,13392.0,False,post
2019-05-01,2019,5,E Line,Expo Line,expo,48563.0,30184.0,24368.0,False,post
2019-05-01,2019,5,L Line,Gold Line,gold,61372.0,33841.0,30530.0,True,post
2019-06-01,2019,6,A Line,Blue Line,a_line,10950.0,8824.0,7889.0,False,post
2019-06-01,2019,6,B Line,Red Line,red,132859.0,79348.0,63600.0,False,post
2019-06-01,2019,6,C Line,Green Line,green,28272.0,16415.0,12974.0,False,post
2019-06-01,2019,6,E Line,Expo Line,expo,47884.0,29931.0,23769.0,False,post
2019-06-01,2019,6,L Line,Gold Line,gold,61045.0,33387.0,30197.0,True,post
2019-07-01,2019,7,A Line,Blue Line,a_line,11474.0,9492.0,8326.0,False,post
2019-07-01,2019,7,B Line,Red Line,red,130228.0,79572.0,61923.0,False,post
2019-07-01,2019,7,C Line,Green Line,green,28547.0,16261.0,12995.0,False,post
2019-07-01,2019,7,E Line,Expo Line,expo,44686.0,29943.0,24573.0,False,post
2019-07-01,2019,7,L Line,Gold Line,gold,58521.0,33855.0,29800.0,True,post
2019-08-01,2019,8,A Line,Blue Line,a_line,11938.0,9283.0,8384.0,False,post
2019-08-01,2019,8,B Line,Red Line,red,127642.0,76831.0,62511.0,False,post
2019-08-01,2019,8,C Line,Green Line,green,29295.0,16718.0,13820.0,False,post
2019-08-01,2019,8,E Line,Expo Line,expo,43027.0,29883.0,24456.0,False,post
2019-08-01,2019,8,L Line,Gold Line,gold,56147.0,33385.0,29045.0,True,post
2019-09-01,2019,9,A Line,Blue Line,a_line,12528.0,9563.0,7608.0,False,post
2019-09-01,2019,9,B Line,Red Line,red,131033.0,75981.0,62704.0,False,post
2019-09-01,2019,9,C Line,Green Line,green,30239.0,17012.0,13855.0,False,post
2019-09-01,2019,9,E Line,Expo Line,expo,42108.0,30640.0,23813.0,False,post
2019-09-01,2019,9,L Line,Gold Line,gold,54030.0,33474.0,28902.0,True,post
2019-10-01,2019,10,A Line,Blue Line,a_line,12322.0,8633.0,7344.0,False,post
2019-10-01,2019,10,B Line,Red Line,red,131696.0,75594.0,61879.0,False,post
2019-10-01,2019,10,C Line,Green Line,green,30236.0,17186.0,13824.0,False,post
2019-10-01,2019,10,E Line,Expo Line,expo,42505.0,30305.0,23691.0,False,post
2019-10-01,2019,10,L Line,Gold Line,gold,53242.0,33743.0,28664.0,True,post
2019-11-01,2019,11,A Line,Blue Line,a_line,44578.0,32434.0,24287.0,False,post
2019-11-01,2019,11,B Line,Red Line,red,130623.0,75032.0,62985.0,False,post
2019-11-01,2019,11,C Line,Green Line,green,30052.0,16733.0,14349.0,False,post
2019-11-01,2019,11,E Line,Expo Line,expo,43838.0,29352.0,22926.0,False,post
2019-11-01,2019,11,L Line,Gold Line,gold,51833.0,33694.0,28768.0,True,post
2019-12-01,2019,12,A Line,Blue Line,a_line,45467.0,30404.0,24585.0,False,post
2019-12-01,2019,12,B Line,Red Line,red,130522.0,73647.0,60933.0,False,post
2019-12-01,2019,12,C Line,Green Line,green,29501.0,16302.0,14354.0,False,post
2019-12-01,2019,12,E Line,Expo Line,expo,47329.0,30896.0,22922.0,False,post
2019-12-01,2019,12,L Line,Gold Line,gold,52995.0,32888.0,28721.0,True,post
2020-01-01,2020,1,A Line,Blue Line,a_line,50456.0,38169.0,26996.0,False,post
2020-01-01,2020,1,B Line,Red Line,red,133715.0,72692.0,61806.0,False,post
2020-01-01,2020,1,C Line,Green Line,green,29333.0,16339.0,14307.0,False,post
2020-01-01,2020,1,E Line,Expo Line,expo,47962.0,30836.0,22788.0,False,post
2020-01-01,2020,1,L Line,Gold Line,gold,55117.0,33544.0,29873.0,True,post
2020-02-01,2020,2,A Line,Blue Line,a_line,52957.0,35489.0,28804.0,False,post
2020-02-01,2020,2,B Line,Red Line,red,133755.0,80847.0,61695.0,False,post
2020-02-01,2020,2,C Line,Green Line,green,29376.0,16504.0,13956.0,False,post
2020-02-01,2020,2,E Line,Expo Line,expo,47697.0,30393.0,22757.0,False,post
2020-02-01,2020,2,L Line,Gold Line,gold,57659.0,35859.0,31611.0,True,post
2020-03-01,2020,3,A Line,Blue Line,a_line,34721.0,20202.0,19976.0,False,post
2020-03-01,2020,3,B Line,Red Line,red,79771.0,41631.0,40449.0,False,post
2020-03-01,2020,3,C Line,Green Line,green,19015.0,10970.0,9491.0,False,post
2020-03-01,2020,3,E Line,Expo Line,expo,26926.0,13317.0,13603.0,False,post
2020-03-01,2020,3,L Line,Gold Line,gold,32030.0,17505.0,25548.0,True,post
2020-04-01,2020,4,A Line,Blue Line,a_line,17826.0,13536.0,10955.0,False,post
2020-04-01,2020,4,B Line,Red Line,red,42206.0,28454.0,22502.0,False,post
2020-04-01,2020,4,C Line,Green Line,green,8694.0,7597.0,6547.0,False,post
2020-04-01,2020,4,E Line,Expo Line,expo,12847.0,10019.0,7705.0,False,post
2020-04-01,2020,4,L Line,Gold Line,gold,12848.0,10179.0,10049.0,True,post
2020-05-01,2020,5,A Line,Blue Line,a_line,20003.0,14976.0,11988.0,False,post
2020-05-01,2020,5,B Line,Red Line,red,50351.0,33529.0,25108.0,False,post
2020-05-01,2020,5,C Line,Green Line,green,9790.0,8307.0,6750.0,False,post
2020-05-01,2020,5,E Line,Expo Line,expo,15420.0,12126.0,9063.0,False,post
2020-05-01,2020,5,L Line,Gold Line,gold,15261.0,12140.0,11330.0,True,post
2020-06-01,2020,6,A Line,Blue Line,a_line,22086.0,17812.0,14246.0,False,post
2020-06-01,2020,6,B Line,Red Line,red,62341.0,44412.0,42754.0,False,post
2020-06-01,2020,6,C Line,Green Line,green,10304.0,8399.0,6963.0,False,post
2020-06-01,2020,6,E Line,Expo Line,expo,19444.0,16049.0,13273.0,False,post
2020-06-01,2020,6,L Line,Gold Line,gold,18357.0,15827.0,15699.0,True,post
2020-07-01,2020,7,A Line,Blue Line,a_line,22854.0,17525.0,17026.0,False,post
2020-07-01,2020,7,B Line,Red Line,red,57910.0,36784.0,30339.0,False,post
2020-07-01,2020,7,C Line,Green Line,green,12160.0,8403.0,7448.0,False,post
2020-07-01,2020,7,E Line,Expo Line,expo,13636.0,11081.0,9753.0,False,post
2020-07-01,2020,7,L Line,Gold Line,gold,18132.0,15318.0,13346.0,True,post
2020-08-01,2020,8,A Line,Blue Line,a_line,22741.0,17799.0,14646.0,False,post
2020-08-01,2020,8,B Line,Red Line,red,56615.0,37884.0,30312.0,False,post
2020-08-01,2020,8,C Line,Green Line,green,11854.0,7800.0,6981.0,False,post
2020-08-01,2020,8,E Line,Expo Line,expo,13566.0,10785.0,9592.0,False,post
2020-08-01,2020,8,L Line,Gold Line,gold,18553.0,16409.0,13766.0,True,post
2020-09-01,2020,9,A Line,Blue Line,a_line,24239.0,18464.0,16046.0,False,post
2020-09-01,2020,9,B Line,Red Line,red,60509.0,40650.0,32214.0,False,post
2020-09-01,2020,9,C Line,Green Line,green,12192.0,8277.0,7093.0,False,post
2020-09-01,2020,9,E Line,Expo Line,expo,14446.0,11248.0,9662.0,False,post
2020-09-01,2020,9,L Line,Gold Line,gold,18667.0,16830.0,14803.0,True,post
2020-10-01,2020,10,A Line,Blue Line,a_line,24909.0,19142.0,15925.0,False,post
2020-10-01,2020,10,B Line,Red Line,red,63153.0,43906.0,33663.0,False,post
2020-10-01,2020,10,C Line,Green Line,green,12141.0,8624.0,7241.0,False,post
2020-10-01,2020,10,E Line,Expo Line,expo,14545.0,11771.0,11336.0,False,post
2020-10-01,2020,10,L Line,Gold Line,gold,18983.0,16470.0,14171.0,True,post
2020-11-01,2020,11,A Line,Blue Line,a_line,24368.0,17397.0,15074.0,False,post
2020-11-01,2020,11,B Line,Red Line,red,64261.0,45297.0,35881.0,False,post
2020-11-01,2020,11,C Line,Green Line,green,11604.0,7202.0,6411.0,False,post
2020-11-01,2020,11,E Line,Expo Line,expo,12873.0,10104.0,7849.0,False,post
2020-11-01,2020,11,L Line,Gold Line,gold,18129.0,14778.0,12736.0,True,post
2020-12-01,2020,12,A Line,Blue Line,a_line,22411.0,16969.0,14207.0,False,post
2020-12-01,2020,12,B Line,Red Line,red,54121.0,35578.0,30091.0,False,post
2020-12-01,2020,12,C Line,Green Line,green,10974.0,7425.0,6009.0,False,post
2020-12-01,2020,12,E Line,Expo Line,expo,11240.0,8571.0,7560.0,False,post
2020-12-01,2020,12,L Line,Gold Line,gold,16333.0,13597.0,10778.0,True,post
2021-01-01,2021,1,A Line,Blue Line,a_line,22330.0,15907.0,14004.0,False,post
2021-01-01,2021,1,B Line,Red Line,red,50074.0,34081.0,29748.0,False,post
2021-01-01,2021,1,C Line,Green Line,green,11146.0,7448.0,6462.0,False,post
2021-01-01,2021,1,E Line,Expo Line,expo,10880.0,8787.0,7707.0,False,post
2021-01-01,2021,1,L Line,Gold Line,gold,15999.0,12491.0,11525.0,True,post
2021-02-01,2021,2,A Line,Blue Line,a_line,23527.0,18552.0,16102.0,False,post
2021-02-01,2021,2,B Line,Red Line,red,51534.0,38704.0,33661.0,False,post
2021-02-01,2021,2,C Line,Green Line,green,11745.0,7719.0,6493.0,False,post
2021-02-01,2021,2,E Line,Expo Line,expo,11814.0,9792.0,8849.0,False,post
2021-02-01,2021,2,L Line,Gold Line,gold,17641.0,15930.0,13543.0,True,post
2021-03-01,2021,3,A Line,Blue Line,a_line,24143.0,19940.0,14885.0,False,post
2021-03-01,2021,3,B Line,Red Line,red,55296.0,39993.0,32823.0,False,post
2021-03-01,2021,3,C Line,Green Line,green,11697.0,8269.0,6834.0,False,post
2021-03-01,2021,3,E Line,Expo Line,expo,12083.0,11263.0,9006.0,False,post
2021-03-01,2021,3,L Line,Gold Line,gold,18521.0,16881.0,13751.0,True,post
2021-04-01,2021,4,A Line,Blue Line,a_line,26652.0,20931.0,17036.0,False,post
2021-04-01,2021,4,B Line,Red Line,red,59139.0,41393.0,35985.0,False,post
2021-04-01,2021,4,C Line,Green Line,green,12515.0,8309.0,6814.0,False,post
2021-04-01,2021,4,E Line,Expo Line,expo,12810.0,10984.0,9206.0,False,post
2021-04-01,2021,4,L Line,Gold Line,gold,19397.0,16947.0,13974.0,True,post
2021-05-01,2021,5,A Line,Blue Line,a_line,26194.0,20796.0,17059.0,False,post
2021-05-01,2021,5,B Line,Red Line,red,60384.0,45601.0,38501.0,False,post
2021-05-01,2021,5,C Line,Green Line,green,12925.0,8873.0,7319.0,False,post
2021-05-01,2021,5,E Line,Expo Line,expo,13697.0,11720.0,9427.0,False,post
2021-05-01,2021,5,L Line,Gold Line,gold,21080.0,19128.0,14804.0,True,post
2021-06-01,2021,6,A Line,Blue Line,a_line,27349.0,22340.0,18381.0,False,post
2021-06-01,2021,6,B Line,Red Line,red,62527.0,51116.0,42686.0,False,post
2021-06-01,2021,6,C Line,Green Line,green,13688.0,8421.0,7471.0,False,post
2021-06-01,2021,6,E Line,Expo Line,expo,14948.0,12125.0,10737.0,False,post
2021-06-01,2021,6,L Line,Gold Line,gold,24803.0,21677.0,17939.0,True,post
2021-07-01,2021,7,A Line,Blue Line,a_line,28923.0,20895.0,18187.0,False,post
2021-07-01,2021,7,B Line,Red Line,red,63545.0,49177.0,41393.0,False,post
2021-07-01,2021,7,C Line,Green Line,green,14156.0,8957.0,7725.0,False,post
2021-07-01,2021,7,E Line,Expo Line,expo,15292.0,12276.0,10749.0,False,post
2021-07-01,2021,7,L Line,Gold Line,gold,24903.0,22676.0,17962.0,True,post
2021-08-01,2021,8,A Line,Blue Line,a_line,29298.0,19405.0,16653.0,False,post
2021-08-01,2021,8,B Line,Red Line,red,66962.0,45628.0,39637.0,False,post
2021-08-01,2021,8,C Line,Green Line,green,15482.0,10938.0,9050.0,False,post
2021-08-01,2021,8,E Line,Expo Line,expo,16665.0,12522.0,11100.0,False,post
2021-08-01,2021,8,L Line,Gold Line,gold,26264.0,18094.0,14532.0,True,post
2021-09-01,2021,9,A Line,Blue Line,a_line,30758.0,21158.0,18133.0,False,post
2021-09-01,2021,9,B Line,Red Line,red,72926.0,45317.0,42919.0,False,post
2021-09-01,2021,9,C Line,Green Line,green,15700.0,9325.0,9749.0,False,post
2021-09-01,2021,9,E Line,Expo Line,expo,17505.0,13598.0,10848.0,False,post
2021-09-01,2021,9,L Line,Gold Line,gold,29153.0,24191.0,17753.0,True,post
2021-10-01,2021,10,A Line,Blue Line,a_line,30842.0,20231.0,17567.0,False,post
2021-10-01,2021,10,B Line,Red Line,red,81261.0,48592.0,44675.0,False,post
2021-10-01,2021,10,C Line,Green Line,green,15439.0,8665.0,10013.0,False,post
2021-10-01,2021,10,E Line,Expo Line,expo,18053.0,15182.0,11919.0,False,post
2021-10-01,2021,10,L Line,Gold Line,gold,29788.0,23055.0,17872.0,True,post
2021-11-01,2021,11,A Line,Blue Line,a_line,31909.0,21979.0,18655.0,False,post
2021-11-01,2021,11,B Line,Red Line,red,83153.0,48560.0,46190.0,False,post
2021-11-01,2021,11,C Line,Green Line,green,15868.0,10541.0,9770.0,False,post
2021-11-01,2021,11,E Line,Expo Line,expo,18450.0,14030.0,11087.0,False,post
2021-11-01,2021,11,L Line,Gold Line,gold,29861.0,24164.0,17982.0,True,post
2021-12-01,2021,12,A Line,Blue Line,a_line,29571.0,,17600.0,False,post
2021-12-01,2021,12,B Line,Red Line,red,76517.0,,59571.0,False,post
2021-12-01,2021,12,C Line,Green Line,green,14090.0,,8702.0,False,post
2021-12-01,2021,12,E Line,Expo Line,expo,15674.0,,10497.0,False,post
2021-12-01,2021,12,L Line,Gold Line,gold,24794.0,,14542.0,True,post
2022-01-01,2022,1,A Line,Blue Line,a_line,30439.0,21590.0,18225.0,False,post
2022-01-01,2022,1,B Line,Red Line,red,75688.0,49129.0,44475.0,False,post
2022-01-01,2022,1,C Line,Green Line,green,14605.0,9400.0,9170.0,False,post
2022-01-01,2022,1,E Line,Expo Line,expo,15872.0,12681.0,13380.0,False,post
2022-01-01,2022,1,L Line,Gold Line,gold,26165.0,19060.0,16448.0,True,post
2022-02-01,2022,2,A Line,Blue Line,a_line,33604.0,23152.0,20573.0,False,post
2022-02-01,2022,2,B Line,Red Line,red,79369.0,57419.0,39747.0,False,post
2022-02-01,2022,2,C Line,Green Line,green,16026.0,10221.0,9998.0,False,post
2022-02-01,2022,2,E Line,Expo Line,expo,18520.0,14230.0,12108.0,False,post
2022-02-01,2022,2,L Line,Gold Line,gold,32308.0,25745.0,22175.0,True,post
2022-03-01,2022,3,A Line,Blue Line,a_line,35765.0,22644.0,19338.0,False,post
2022-03-01,2022,3,B Line,Red Line,red,85959.0,71387.0,66488.0,False,post
2022-03-01,2022,3,C Line,Green Line,green,16980.0,10516.0,8779.0,False,post
2022-03-01,2022,3,E Line,Expo Line,expo,19631.0,17201.0,13251.0,False,post
2022-03-01,2022,3,L Line,Gold Line,gold,33490.0,24150.0,20526.0,True,post
2022-04-01,2022,4,A Line,Blue Line,a_line,34231.0,23718.0,20006.0,False,post
2022-04-01,2022,4,B Line,Red Line,red,79214.0,61445.0,56549.0,False,post
2022-04-01,2022,4,C Line,Green Line,green,16991.0,10573.0,8124.0,False,post
2022-04-01,2022,4,E Line,Expo Line,expo,20121.0,15244.0,12454.0,False,post
2022-04-01,2022,4,L Line,Gold Line,gold,31537.0,24339.0,20247.0,True,post
2022-05-01,2022,5,A Line,Blue Line,a_line,34970.0,24017.0,20504.0,False,post
2022-05-01,2022,5,B Line,Red Line,red,72350.0,65143.0,57979.0,False,post
2022-05-01,2022,5,C Line,Green Line,green,17687.0,11442.0,9562.0,False,post
2022-05-01,2022,5,E Line,Expo Line,expo,20378.0,15476.0,13156.0,False,post
2022-05-01,2022,5,L Line,Gold Line,gold,32056.0,24806.0,21034.0,True,post
2022-06-01,2022,6,A Line,Blue Line,a_line,34485.0,25568.0,21308.0,False,post
2022-06-01,2022,6,B Line,Red Line,red,71264.0,65769.0,56416.0,False,post
2022-06-01,2022,6,C Line,Green Line,green,17499.0,11282.0,9474.0,False,post
2022-06-01,2022,6,E Line,Expo Line,expo,19611.0,15827.0,12813.0,False,post
2022-06-01,2022,6,L Line,Gold Line,gold,32249.0,24419.0,22295.0,True,post
2022-07-01,2022,7,A Line,Blue Line,a_line,34715.0,27108.0,22978.0,False,post
2022-07-01,2022,7,B Line,Red Line,red,68859.0,66550.0,57248.0,False,post
2022-07-01,2022,7,C Line,Green Line,green,17328.0,11460.0,9900.0,False,post
2022-07-01,2022,7,E Line,Expo Line,expo,19337.0,15489.0,11924.0,False,post
2022-07-01,2022,7,L Line,Gold Line,gold,31874.0,24943.0,22718.0,True,post
2022-08-01,2022,8,A Line,Blue Line,a_line,35014.0,25074.0,21602.0,False,post
2022-08-01,2022,8,B Line,Red Line,red,71512.0,63078.0,54720.0,False,post
2022-08-01,2022,8,C Line,Green Line,green,18312.0,12554.0,9591.0,False,post
2022-08-01,2022,8,E Line,Expo Line,expo,19517.0,13735.0,13314.0,False,post
2022-08-01,2022,8,L Line,Gold Line,gold,34213.0,25869.0,23019.0,True,post
2022-09-01,2022,9,A Line,Blue Line,a_line,37032.0,25909.0,23276.0,False,post
2022-09-01,2022,9,B Line,Red Line,red,76306.0,62569.0,55880.0,False,post
2022-09-01,2022,9,C Line,Green Line,green,19508.0,11956.0,11907.0,False,post
2022-09-01,2022,9,E Line,Expo Line,expo,21529.0,15977.0,13044.0,False,post
2022-09-01,2022,9,L Line,Gold Line,gold,36705.0,28040.0,23034.0,True,post
2022-10-01,2022,10,A Line,Blue Line,a_line,37354.0,28386.0,23702.0,False,post
2022-10-01,2022,10,B Line,Red Line,red,79350.0,62027.0,59457.0,False,post
2022-10-01,2022,10,C Line,Green Line,green,19873.0,12083.0,12653.0,False,post
2022-10-01,2022,10,E Line,Expo Line,expo,21588.0,15751.0,14417.0,False,post
2022-10-01,2022,10,K Line,Crenshaw/LAX,k_line,3023.0,3864.0,3812.0,False,post
2022-10-01,2022,10,L Line,Gold Line,gold,37789.0,29085.0,24396.0,True,post
2022-11-01,2022,11,A Line,Blue Line,a_line,34827.0,26555.0,20843.0,False,post
2022-11-01,2022,11,B Line,Red Line,red,76562.0,63287.0,56160.0,False,post
2022-11-01,2022,11,C Line,Green Line,green,18859.0,12134.0,11340.0,False,post
2022-11-01,2022,11,E Line,Expo Line,expo,19772.0,15735.0,12210.0,False,post
2022-11-01,2022,11,K Line,Crenshaw/LAX,k_line,2742.0,2292.0,2124.0,False,post
2022-11-01,2022,11,L Line,Gold Line,gold,36481.0,32029.0,22137.0,True,post
2022-12-01,2022,12,A Line,Blue Line,a_line,33494.0,21942.0,20664.0,False,post
2022-12-01,2022,12,B Line,Red Line,red,74779.0,56509.0,51826.0,False,post
2022-12-01,2022,12,C Line,Green Line,green,17791.0,10947.0,11355.0,False,post
2022-12-01,2022,12,E Line,Expo Line,expo,18701.0,14270.0,11455.0,False,post
2022-12-01,2022,12,K Line,Crenshaw/LAX,k_line,2732.0,2131.0,2101.0,False,post
2022-12-01,2022,12,L Line,Gold Line,gold,32280.0,23179.0,18893.0,True,post
2023-01-01,2023,1,A Line,Blue Line,a_line,34453.0,25531.0,21648.0,False,post
2023-01-01,2023,1,B Line,Red Line,red,77990.0,61601.0,56260.0,False,post
2023-01-01,2023,1,C Line,Green Line,green,17577.0,11047.0,10103.0,False,post
2023-01-01,2023,1,E Line,Expo Line,expo,19365.0,14401.0,14434.0,False,post
2023-01-01,2023,1,K Line,Crenshaw/LAX,k_line,2896.0,2285.0,2096.0,False,post
2023-01-01,2023,1,L Line,Gold Line,gold,32564.0,22718.0,19428.0,True,post
2023-02-01,2023,2,A Line,Blue Line,a_line,36979.0,24921.0,22966.0,False,post
2023-02-01,2023,2,B Line,Red Line,red,84489.0,66023.0,62455.0,False,post
2023-02-01,2023,2,C Line,Green Line,green,18633.0,11426.0,10431.0,False,post
2023-02-01,2023,2,E Line,Expo Line,expo,19966.0,14026.0,13172.0,False,post
2023-02-01,2023,2,K Line,Crenshaw/LAX,k_line,2866.0,2445.0,2059.0,False,post
2023-02-01,2023,2,L Line,Gold Line,gold,36360.0,23066.0,22992.0,True,post
2023-03-01,2023,3,A Line,Blue Line,a_line,35041.0,24617.0,21234.0,False,post
2023-03-01,2023,3,B Line,Red Line,red,81162.0,68589.0,57694.0,False,post
2023-03-01,2023,3,C Line,Green Line,green,18339.0,12642.0,10087.0,False,post
2023-03-01,2023,3,E Line,Expo Line,expo,20412.0,15151.0,13485.0,False,post
2023-03-01,2023,3,K Line,Crenshaw/LAX,k_line,2929.0,2379.0,2086.0,False,post
2023-03-01,2023,3,L Line,Gold Line,gold,35142.0,26064.0,21513.0,True,post
2023-04-01,2023,4,A Line,Blue Line,a_line,35478.0,30557.0,24915.0,False,post
2023-04-01,2023,4,B Line,Red Line,red,87054.0,70053.0,59994.0,False,post
2023-04-01,2023,4,C Line,Green Line,green,18815.0,12542.0,10421.0,False,post
2023-04-01,2023,4,E Line,Expo Line,expo,20863.0,14048.0,15466.0,False,post
2023-04-01,2023,4,K Line,Crenshaw/LAX,k_line,3076.0,2457.0,2271.0,False,post
2023-04-01,2023,4,L Line,Gold Line,gold,33176.0,29180.0,21159.0,True,post
2023-05-01,2023,5,A Line,Blue Line,a_line,34999.0,25743.0,22315.0,False,post
2023-05-01,2023,5,B Line,Red Line,red,86968.0,68591.0,58594.0,False,post
2023-05-01,2023,5,C Line,Green Line,green,19675.0,12744.0,10563.0,False,post
2023-05-01,2023,5,E Line,Expo Line,expo,20860.0,14833.0,12517.0,False,post
2023-05-01,2023,5,K Line,Crenshaw/LAX,k_line,2855.0,2401.0,2132.0,False,post
2023-05-01,2023,5,L Line,Gold Line,gold,34304.0,26185.0,21355.0,True,post
2023-06-01,2023,6,A Line,Blue Line,a_line,35126.0,29210.0,24923.0,False,post
2023-06-01,2023,6,B Line,Red Line,red,82349.0,70997.0,65247.0,False,post
2023-06-01,2023,6,C Line,Green Line,green,19342.0,13078.0,10764.0,False,post
2023-06-01,2023,6,E Line,Expo Line,expo,20078.0,16814.0,13877.0,False,post
2023-06-01,2023,6,K Line,Crenshaw/LAX,k_line,2958.0,2479.0,1979.0,False,post
2023-06-01,2023,6,L Line,Gold Line,gold,33621.0,23574.0,21022.0,True,post
2023-07-01,2023,7,A Line,Blue Line,a_line_merged,54527.0,45784.0,41247.0,True,post
2023-07-01,2023,7,B Line,Red Line,red,77597.0,66730.0,61290.0,False,post
2023-07-01,2023,7,C Line,Green Line,green,19714.0,13156.0,11835.0,False,post
2023-07-01,2023,7,E Line,Expo Line,expo,41088.0,34015.0,31010.0,False,post
2023-07-01,2023,7,K Line,Crenshaw/LAX,k_line,2744.0,2430.0,2119.0,False,post
2023-08-01,2023,8,A Line,Blue Line,a_line_merged,57900.0,46771.0,37723.0,True,post
2023-08-01,2023,8,B Line,Red Line,red,74157.0,65011.0,57549.0,False,post
2023-08-01,2023,8,C Line,Green Line,green,19525.0,13414.0,11160.0,False,post
2023-08-01,2023,8,E Line,Expo Line,expo,43121.0,38962.0,30615.0,False,post
2023-08-01,2023,8,K Line,Crenshaw/LAX,k_line,3109.0,2525.0,2019.0,False,post
2023-09-01,2023,9,A Line,Blue Line,a_line_merged,59614.0,46758.0,39305.0,True,post
2023-09-01,2023,9,B Line,Red Line,red,69653.0,54967.0,47882.0,False,post
2023-09-01,2023,9,C Line,Green Line,green,19959.0,12448.0,11914.0,False,post
2023-09-01,2023,9,E Line,Expo Line,expo,43837.0,35578.0,28523.0,False,post
2023-09-01,2023,9,K Line,Crenshaw/LAX,k_line,3045.0,2621.0,2359.0,False,post
2023-10-01,2023,10,A Line,Blue Line,a_line_merged,61892.0,47893.0,45797.0,True,post
2023-10-01,2023,10,B Line,Red Line,red,71086.0,56916.0,51526.0,False,post
2023-10-01,2023,10,C Line,Green Line,green,21367.0,14419.0,14500.0,False,post
2023-10-01,2023,10,E Line,Expo Line,expo,44433.0,38902.0,30135.0,False,post
2023-10-01,2023,10,K Line,Crenshaw/LAX,k_line,2948.0,3292.0,2494.0,False,post
2023-11-01,2023,11,A Line,Blue Line,a_line_merged,61045.0,48479.0,39687.0,True,post
2023-11-01,2023,11,B Line,Red Line,red,62749.0,50490.0,44749.0,False,post
2023-11-01,2023,11,C Line,Green Line,green,20494.0,9196.0,11479.0,False,post
2023-11-01,2023,11,E Line,Expo Line,expo,43949.0,37122.0,26854.0,False,post
2023-11-01,2023,11,K Line,Crenshaw/LAX,k_line,2763.0,2322.0,2054.0,False,post
2023-12-01,2023,12,A Line,Blue Line,a_line_merged,59406.0,44905.0,42485.0,True,post
2023-12-01,2023,12,B Line,Red Line,red,59202.0,50236.0,48247.0,False,post
2023-12-01,2023,12,C Line,Green Line,green,20218.0,13450.0,11898.0,False,post
2023-12-01,2023,12,E Line,Expo Line,expo,38932.0,31969.0,26279.0,False,post
2023-12-01,2023,12,K Line,Crenshaw/LAX,k_line,2806.0,2300.0,2181.0,False,post
2024-01-01,2024,1,A Line,Blue Line,a_line_merged,60608.0,45047.0,38982.0,True,post
2024-01-01,2024,1,B Line,Red Line,red,61884.0,48920.0,42840.0,False,post
2024-01-01,2024,1,C Line,Green Line,green,20377.0,12411.0,11473.0,False,post
2024-01-01,2024,1,E Line,Expo Line,expo,38060.0,26952.0,21642.0,False,post
2024-01-01,2024,1,K Line,Crenshaw/LAX,k_line,2757.0,1890.0,1854.0,False,post
2024-02-01,2024,2,A Line,Blue Line,a_line_merged,61342.0,50595.0,50013.0,True,post
2024-02-01,2024,2,B Line,Red Line,red,63819.0,52661.0,44263.0,False,post
2024-02-01,2024,2,C Line,Green Line,green,19908.0,13047.0,12186.0,False,post
2024-02-01,2024,2,E Line,Expo Line,expo,42098.0,35334.0,26126.0,False,post
2024-02-01,2024,2,K Line,Crenshaw/LAX,k_line,2796.0,2251.0,1896.0,False,post
2024-03-01,2024,3,A Line,Blue Line,a_line_merged,67263.0,46467.0,42263.0,True,post
2024-03-01,2024,3,B Line,Red Line,red,65976.0,50337.0,47508.0,False,post
2024-03-01,2024,3,C Line,Green Line,green,22413.0,11909.0,12906.0,False,post
2024-03-01,2024,3,E Line,Expo Line,expo,46550.0,34465.0,30990.0,False,post
2024-03-01,2024,3,K Line,Crenshaw/LAX,k_line,3118.0,2298.0,2039.0,False,post
2024-04-01,2024,4,A Line,Blue Line,a_line_merged,66807.0,54085.0,43616.0,True,post
2024-04-01,2024,4,B Line,Red Line,red,66642.0,51491.0,45942.0,False,post
2024-04-01,2024,4,C Line,Green Line,green,20404.0,12707.0,12328.0,False,post
2024-04-01,2024,4,E Line,Expo Line,expo,47714.0,42207.0,33734.0,False,post
2024-04-01,2024,4,K Line,Crenshaw/LAX,k_line,3170.0,2557.0,1742.0,False,post
2024-05-01,2024,5,A Line,Blue Line,a_line_merged,69216.0,50625.0,44306.0,True,post
2024-05-01,2024,5,B Line,Red Line,red,64729.0,52292.0,47176.0,False,post
2024-05-01,2024,5,C Line,Green Line,green,21902.0,14919.0,13359.0,False,post
2024-05-01,2024,5,E Line,Expo Line,expo,48913.0,34307.0,31930.0,False,post
2024-05-01,2024,5,K Line,Crenshaw/LAX,k_line,3136.0,2433.0,2299.0,False,post
2024-06-01,2024,6,A Line,Blue Line,a_line_merged,67061.0,53536.0,46526.0,True,post
2024-06-01,2024,6,B Line,Red Line,red,66618.0,55490.0,51816.0,False,post
2024-06-01,2024,6,C Line,Green Line,green,21343.0,15075.0,13302.0,False,post
2024-06-01,2024,6,E Line,Expo Line,expo,46602.0,37699.0,32123.0,False,post
2024-06-01,2024,6,K Line,Crenshaw/LAX,k_line,3305.0,2584.0,2119.0,False,post
2024-07-01,2024,7,A Line,Blue Line,a_line_merged,65251.0,51271.0,46267.0,True,post
2024-07-01,2024,7,B Line,Red Line,red,65590.0,53252.0,48531.0,False,post
2024-07-01,2024,7,C Line,Green Line,green,21242.0,14994.0,13835.0,False,post
2024-07-01,2024,7,E Line,Expo Line,expo,45664.0,39098.0,34403.0,False,post
2024-07-01,2024,7,K Line,Crenshaw/LAX,k_line,3058.0,2603.0,2425.0,False,post
2024-08-01,2024,8,A Line,Blue Line,a_line_merged,67589.0,51716.0,46312.0,True,post
2024-08-01,2024,8,B Line,Red Line,red,65690.0,54568.0,47293.0,False,post
2024-08-01,2024,8,C Line,Green Line,green,20608.0,15501.0,13758.0,False,post
2024-08-01,2024,8,E Line,Expo Line,expo,48213.0,40019.0,34287.0,False,post
2024-08-01,2024,8,K Line,Crenshaw/LAX,k_line,3248.0,2996.0,2583.0,False,post
2024-09-01,2024,9,A Line,Blue Line,a_line_merged,70902.0,49665.0,45014.0,True,post
2024-09-01,2024,9,B Line,Red Line,red,70745.0,55775.0,42995.0,False,post
2024-09-01,2024,9,C Line,Green Line,green,22067.0,14069.0,13204.0,False,post
2024-09-01,2024,9,E Line,Expo Line,expo,52093.0,43652.0,32788.0,False,post
2024-09-01,2024,9,K Line,Crenshaw/LAX,k_line,3313.0,2426.0,2226.0,False,post
2024-10-01,2024,10,A Line,Blue Line,a_line_merged,70169.0,55138.0,46079.0,True,post
2024-10-01,2024,10,B Line,Red Line,red,70637.0,53936.0,43286.0,False,post
2024-10-01,2024,10,C Line,Green Line,green,22852.0,14843.0,14506.0,False,post
2024-10-01,2024,10,E Line,Expo Line,expo,52949.0,41566.0,34286.0,False,post
2024-10-01,2024,10,K Line,Crenshaw/LAX,k_line,3692.0,3822.0,2770.0,False,post
2024-11-01,2024,11,A Line,Blue Line,a_line_merged,70425.0,53867.0,43264.0,True,post
2024-11-01,2024,11,B Line,Red Line,red,70940.0,53966.0,44474.0,False,post
2024-11-01,2024,11,C Line,Green Line,green,19836.0,13010.0,12652.0,False,post
2024-11-01,2024,11,E Line,Expo Line,expo,49366.0,44280.0,33378.0,False,post
2024-11-01,2024,11,K Line,Crenshaw/LAX,k_line,6846.0,4644.0,4320.0,False,post
2024-12-01,2024,12,A Line,Blue Line,a_line_merged,64566.0,47118.0,38623.0,True,post
2024-12-01,2024,12,B Line,Red Line,red,66813.0,50833.0,45221.0,False,post
2024-12-01,2024,12,C Line,Green Line,green,18751.0,14299.0,12068.0,False,post
2024-12-01,2024,12,E Line,Expo Line,expo,45686.0,35350.0,28099.0,False,post
2024-12-01,2024,12,K Line,Crenshaw/LAX,k_line,6005.0,4470.0,4131.0,False,post
2025-01-01,2025,1,A Line,Blue Line,a_line_merged,58834.0,44450.0,37133.0,True,post
2025-01-01,2025,1,B Line,Red Line,red,61030.0,47841.0,40604.0,False,post
2025-01-01,2025,1,C Line,Green Line,green,19024.0,13329.0,11732.0,False,post
2025-01-01,2025,1,E Line,Expo Line,expo,44017.0,33904.0,25195.0,False,post
2025-01-01,2025,1,K Line,Crenshaw/LAX,k_line,5761.0,4138.0,3718.0,False,post
2025-02-01,2025,2,A Line,Blue Line,a_line_merged,67490.0,52478.0,44830.0,True,post
2025-02-01,2025,2,B Line,Red Line,red,64978.0,50477.0,43653.0,False,post
2025-02-01,2025,2,C Line,Green Line,green,19164.0,13262.0,11331.0,False,post
2025-02-01,2025,2,E Line,Expo Line,expo,48964.0,39366.0,33492.0,False,post
2025-02-01,2025,2,K Line,Crenshaw/LAX,k_line,5838.0,4165.0,3910.0,False,post
2025-03-01,2025,3,A Line,Blue Line,a_line_merged,65795.0,56100.0,47191.0,True,post
2025-03-01,2025,3,B Line,Red Line,red,66033.0,51930.0,43282.0,False,post
2025-03-01,2025,3,C Line,Green Line,green,18447.0,12791.0,11075.0,False,post
2025-03-01,2025,3,E Line,Expo Line,expo,48403.0,39996.0,33782.0,False,post
2025-03-01,2025,3,K Line,Crenshaw/LAX,k_line,5665.0,4167.0,3561.0,False,post
2025-04-01,2025,4,A Line,Blue Line,a_line_merged,70343.0,58227.0,46059.0,True,post
2025-04-01,2025,4,B Line,Red Line,red,65512.0,54742.0,47503.0,False,post
2025-04-01,2025,4,C Line,Green Line,green,18908.0,12827.0,11151.0,False,post
2025-04-01,2025,4,E Line,Expo Line,expo,52246.0,45165.0,36105.0,False,post
2025-04-01,2025,4,K Line,Crenshaw/LAX,k_line,5673.0,4483.0,3441.0,False,post
2025-05-01,2025,5,A Line,Blue Line,a_line_merged,68379.0,50675.0,42480.0,True,post
2025-05-01,2025,5,B Line,Red Line,red,63114.0,48957.0,41054.0,False,post
2025-05-01,2025,5,C Line,Green Line,green,19805.0,13318.0,11355.0,False,post
2025-05-01,2025,5,E Line,Expo Line,expo,54798.0,39872.0,34426.0,False,post
2025-05-01,2025,5,K Line,Crenshaw/LAX,k_line,6176.0,4164.0,3880.0,False,post
2025-06-01,2025,6,A Line,Blue Line,a_line_merged,63180.0,49183.0,44403.0,True,post
2025-06-01,2025,6,B Line,Red Line,red,57471.0,43117.0,41778.0,False,post
2025-06-01,2025,6,C Line,Green Line,green,15225.0,11479.0,10797.0,False,post
2025-06-01,2025,6,E Line,Expo Line,expo,47001.0,42701.0,33069.0,False,post
2025-06-01,2025,6,K Line,Crenshaw/LAX,k_line,7916.0,7723.0,6673.0,False,post
