Year,Month,Line Name,Former Name,Line Category,Avg. Daily Boardings (Weekday),Avg. Daily Boardings (Saturday),Avg. Daily Boardings (Sunday),line_name
2009,1,A Line,Blue Line,Train,74803.0,54625.0,52625.0,801
2009,2,A Line,Blue Line,Train,74271.0,55165.0,52897.0,801
2009,3,A Line,Blue Line,Train,79412.0,60438.0,55933.0,801
2009,4,A Line,Blue Line,Train,80520.0,64486.0,59387.0,801
2009,5,A Line,Blue Line,Train,80175.0,60359.0,55693.0,801
2009,6,A Line,Blue Line,Train,81806.0,57280.0,50819.0,801
2009,7,A Line,Blue Line,Train,82234.0,58606.0,55083.0,801
2009,8,A Line,Blue Line,Train,79230.0,59411.0,54423.0,801
2009,9,A Line,Blue Line,Train,78955.0,58162.0,48118.0,801
2009,10,A Line,Blue Line,Train,74311.0,56648.0,49766.0,801
2009,11,A Line,Blue Line,Train,73048.0,48879.0,44068.0,801
2009,12,A Line,Blue Line,Train,70765.0,47735.0,42295.0,801
2010,1,A Line,Blue Line,Train,70583.0,54873.0,45957.0,801
2010,2,A Line,Blue Line,Train,77788.0,52018.0,49006.0,801
2010,3,A Line,Blue Line,Train,77806.0,52018.0,49006.0,801
2010,4,A Line,Blue Line,Train,77966.0,52018.0,49006.0,801
2010,5,A Line,Blue Line,Train,76368.0,52018.0,49006.0,801
2010,6,A Line,Blue Line,Train,82840.0,52018.0,49006.0,801
2010,7,A Line,Blue Line,Train,77545.0,54280.0,48850.0,801
2010,8,A Line,Blue Line,Train,81126.0,52018.0,49006.0,801
2010,9,A Line,Blue Line,Train,82542.0,52018.0,49006.0,801
2010,10,A Line,Blue Line,Train,77528.0,49469.0,43710.0,801
2010,11,A Line,Blue Line,Train,74832.0,47148.0,41133.0,801
2010,12,A Line,Blue Line,Train,71038.0,45028.0,35995.0,801
2011,1,A Line,Blue Line,Train,79709.0,49464.0,40998.0,801
2011,2,A Line,Blue Line,Train,80988.0,49378.0,44790.0,801
2011,3,A Line,Blue Line,Train,77805.0,55221.0,39584.0,801
2011,4,A Line,Blue Line,Train,82086.0,57946.0,49657.0,801
2011,5,A Line,Blue Line,Train,80223.0,51553.0,45678.0,801
2011,6,A Line,Blue Line,Train,84159.0,53922.0,47027.0,801
2011,7,A Line,Blue Line,Train,90109.0,60213.0,54155.0,801
2011,8,A Line,Blue Line,Train,82189.0,57645.0,47924.0,801
2011,9,A Line,Blue Line,Train,83385.0,58990.0,48791.0,801
2011,10,A Line,Blue Line,Train,77738.0,56637.0,45345.0,801
2011,11,A Line,Blue Line,Train,75250.0,56212.0,38171.0,801
2011,12,A Line,Blue Line,Train,73825.0,53007.0,42566.0,801
2012,1,A Line,Blue Line,Train,78515.0,58344.0,50849.0,801
2012,2,A Line,Blue Line,Train,83397.0,63495.0,51091.0,801
2012,3,A Line,Blue Line,Train,84952.0,61087.0,46081.0,801
2012,4,A Line,Blue Line,Train,84459.0,67856.0,54822.0,801
2012,5,A Line,Blue Line,Train,83396.0,66547.0,52157.0,801
2012,6,A Line,Blue Line,Train,89523.0,59718.0,47599.0,801
2012,7,A Line,Blue Line,Train,89155.0,61350.0,53559.0,801
2012,8,A Line,Blue Line,Train,92006.0,65686.0,54087.0,801
2012,9,A Line,Blue Line,Train,92120.0,66900.0,59554.0,801
2012,10,A Line,Blue Line,Train,92953.0,63619.0,62213.0,801
2012,11,A Line,Blue Line,Train,93201.0,67960.0,60585.0,801
2012,12,A Line,Blue Line,Train,91709.0,62780.0,59391.0,801
2013,1,A Line,Blue Line,Train,88846.0,55857.0,55515.0,801
2013,2,A Line,Blue Line,Train,88023.0,52314.0,54588.0,801
2013,3,A Line,Blue Line,Train,87421.0,55681.0,50937.0,801
2013,4,A Line,Blue Line,Train,87392.0,59762.0,49063.0,801
2013,5,A Line,Blue Line,Train,86310.0,59395.0,48436.0,801
2013,6,A Line,Blue Line,Train,86485.0,61314.0,48396.0,801
2013,7,A Line,Blue Line,Train,87597.0,61244.0,48641.0,801
2013,8,A Line,Blue Line,Train,87723.0,60840.0,48487.0,801
2013,9,A Line,Blue Line,Train,88619.0,61379.0,47866.0,801
2013,10,A Line,Blue Line,Train,88095.0,60339.0,46897.0,801
2013,11,A Line,Blue Line,Train,87242.0,59967.0,45786.0,801
2013,12,A Line,Blue Line,Train,84771.0,58544.0,44469.0,801
2014,1,A Line,Blue Line,Train,82383.0,55785.0,44016.0,801
2014,2,A Line,Blue Line,Train,82320.0,56582.0,43940.0,801
2014,3,A Line,Blue Line,Train,83862.0,54795.0,44374.0,801
2014,4,A Line,Blue Line,Train,85283.0,54927.0,44636.0,801
2014,5,A Line,Blue Line,Train,86065.0,56081.0,44917.0,801
2014,6,A Line,Blue Line,Train,87206.0,56113.0,45075.0,801
2014,7,A Line,Blue Line,Train,87516.0,56016.0,47945.0,801
2014,8,A Line,Blue Line,Train,87155.0,56386.0,47855.0,801
2014,9,A Line,Blue Line,Train,86204.0,57467.0,47431.0,801
2014,10,A Line,Blue Line,Train,85129.0,57399.0,47236.0,801
2014,11,A Line,Blue Line,Train,84838.0,56850.0,46950.0,801
2014,12,A Line,Blue Line,Train,82365.0,56963.0,47052.0,801
2015,1,A Line,Blue Line,Train,80777.0,58787.0,43009.0,801
2015,2,A Line,Blue Line,Train,80105.0,58548.0,44690.0,801
2015,3,A Line,Blue Line,Train,79668.0,56334.0,44901.0,801
2015,4,A Line,Blue Line,Train,79034.0,48680.0,40016.0,801
2015,5,A Line,Blue Line,Train,77286.0,46725.0,39822.0,801
2015,6,A Line,Blue Line,Train,78532.0,40919.0,34576.0,801
2015,7,A Line,Blue Line,Train,77414.0,41860.0,42080.0,801
2015,8,A Line,Blue Line,Train,76241.0,49358.0,43935.0,801
2015,9,A Line,Blue Line,Train,73880.0,52216.0,38241.0,801
2015,10,A Line,Blue Line,Train,72561.0,51104.0,38877.0,801
2015,11,A Line,Blue Line,Train,74207.0,44491.0,32588.0,801
2015,12,A Line,Blue Line,Train,72790.0,37743.0,27988.0,801
2016,1,A Line,Blue Line,Train,72879.0,52414.0,43665.0,801
2016,2,A Line,Blue Line,Train,74202.0,49272.0,44009.0,801
2016,3,A Line,Blue Line,Train,76003.0,48418.0,41034.0,801
2016,4,A Line,Blue Line,Train,77357.0,48566.0,40860.0,801
2016,5,A Line,Blue Line,Train,81389.0,58724.0,46988.0,801
2016,6,A Line,Blue Line,Train,83426.0,52095.0,40167.0,801
2016,7,A Line,Blue Line,Train,83612.0,50005.0,39273.0,801
2016,8,A Line,Blue Line,Train,81909.0,46306.0,35558.0,801
2016,9,A Line,Blue Line,Train,80516.0,47318.0,36995.0,801
2016,10,A Line,Blue Line,Train,78693.0,46010.0,37029.0,801
2016,11,A Line,Blue Line,Train,77996.0,44490.0,36471.0,801
2016,12,A Line,Blue Line,Train,76751.0,43670.0,35659.0,801
2017,1,A Line,Blue Line,Train,77430.0,43221.0,35742.0,801
2017,2,A Line,Blue Line,Train,74596.0,42866.0,33742.0,801
2017,3,A Line,Blue Line,Train,72822.0,42796.0,34671.0,801
2017,4,A Line,Blue Line,Train,69332.0,40510.0,35047.0,801
2017,5,A Line,Blue Line,Train,67670.0,40991.0,33879.0,801
2017,6,A Line,Blue Line,Train,68689.0,41995.0,33569.0,801
2017,7,A Line,Blue Line,Train,69000.0,41172.0,33239.0,801
2017,8,A Line,Blue Line,Train,72202.0,38514.0,34486.0,801
2017,9,A Line,Blue Line,Train,73016.0,38803.0,32070.0,801
2017,10,A Line,Blue Line,Train,73250.0,37759.0,32076.0,801
2017,11,A Line,Blue Line,Train,73949.0,36107.0,32519.0,801
2017,12,A Line,Blue Line,Train,73930.0,36285.0,31980.0,801
2018,1,A Line,Blue Line,Train,72920.0,33280.0,31196.0,801
2018,2,A Line,Blue Line,Train,69668.0,32694.0,29137.0,801
2018,3,A Line,Blue Line,Train,67572.0,30833.0,27873.0,801
2018,7,A Line,Blue Line,Train,62085.0,32128.0,27633.0,801
2018,8,A Line,Blue Line,Train,61965.0,32276.0,29195.0,801
2018,9,A Line,Blue Line,Train,62324.0,32224.0,29187.0,801
2018,10,A Line,Blue Line,Train,63008.0,30579.0,30314.0,801
2018,11,A Line,Blue Line,Train,63463.0,31963.0,30432.0,801
2018,12,A Line,Blue Line,Train,62458.0,32774.0,29419.0,801
2019,1,A Line,Blue Line,Train,61623.0,31994.0,29416.0,801
2019,2,A Line,Blue Line,Train,29774.0,20451.0,16318.0,801
2019,3,A Line,Blue Line,Train,30599.0,21283.0,18457.0,801
2019,4,A Line,Blue Line,Train,30092.0,21042.0,17347.0,801
2019,5,A Line,Blue Line,Train,29560.0,20272.0,17101.0,801
2019,6,A Line,Blue Line,Train,10950.0,8824.0,7889.0,801
2019,7,A Line,Blue Line,Train,11474.0,9492.0,8326.0,801
2019,8,A Line,Blue Line,Train,11938.0,9283.0,8384.0,801
2019,9,A Line,Blue Line,Train,12528.0,9563.0,7608.0,801
2019,10,A Line,Blue Line,Train,12322.0,8633.0,7344.0,801
2019,11,A Line,Blue Line,Train,44578.0,32434.0,24287.0,801
2019,12,A Line,Blue Line,Train,45467.0,30404.0,24585.0,801
2020,1,A Line,Blue Line,Train,50456.0,38169.0,26996.0,801
2020,2,A Line,Blue Line,Train,52957.0,35489.0,28804.0,801
2020,3,A Line,Blue Line,Train,34721.0,20202.0,19976.0,801
2020,4,A Line,Blue Line,Train,17826.0,13536.0,10955.0,801
2020,5,A Line,Blue Line,Train,20003.0,14976.0,11988.0,801
2020,6,A Line,Blue Line,Train,22086.0,17812.0,14246.0,801
2020,7,A Line,Blue Line,Train,22854.0,17525.0,17026.0,801
2020,8,A Line,Blue Line,Train,22741.0,17799.0,14646.0,801
2020,9,A Line,Blue Line,Train,24239.0,18464.0,16046.0,801
2020,10,A Line,Blue Line,Train,24909.0,19142.0,15925.0,801
2020,11,A Line,Blue Line,Train,24368.0,17397.0,15074.0,801
2020,12,A Line,Blue Line,Train,22411.0,16969.0,14207.0,801
2021,1,A Line,Blue Line,Train,22330.0,15907.0,14004.0,801
2021,2,A Line,Blue Line,Train,23527.0,18552.0,16102.0,801
2021,3,A Line,Blue Line,Train,24143.0,19940.0,14885.0,801
2021,4,A Line,Blue Line,Train,26652.0,20931.0,17036.0,801
2021,5,A Line,Blue Line,Train,26194.0,20796.0,17059.0,801
2021,6,A Line,Blue Line,Train,27349.0,22340.0,18381.0,801
2021,7,A Line,Blue Line,Train,28923.0,20895.0,18187.0,801
2021,8,A Line,Blue Line,Train,29298.0,19405.0,16653.0,801
2021,9,A Line,Blue Line,Train,30758.0,21158.0,18133.0,801
2021,10,A Line,Blue Line,Train,30842.0,20231.0,17567.0,801
2021,11,A Line,Blue Line,Train,31909.0,21979.0,18655.0,801
2021,12,A Line,Blue Line,Train,29571.0,,17600.0,801
2022,1,A Line,Blue Line,Train,30439.0,21590.0,18225.0,801
2022,2,A Line,Blue Line,Train,33604.0,23152.0,20573.0,801
2022,3,A Line,Blue Line,Train,35765.0,22644.0,19338.0,801
2022,4,A Line,Blue Line,Train,34231.0,23718.0,20006.0,801
2022,5,A Line,Blue Line,Train,34970.0,24017.0,20504.0,801
2022,6,A Line,Blue Line,Train,34485.0,25568.0,21308.0,801
2022,7,A Line,Blue Line,Train,34715.0,27108.0,22978.0,801
2022,8,A Line,Blue Line,Train,35014.0,25074.0,21602.0,801
2022,9,A Line,Blue Line,Train,37032.0,25909.0,23276.0,801
2022,10,A Line,Blue Line,Train,37354.0,28386.0,23702.0,801
2022,11,A Line,Blue Line,Train,34827.0,26555.0,20843.0,801
2022,12,A Line,Blue Line,Train,33494.0,21942.0,20664.0,801
2023,1,A Line,Blue Line,Train,34453.0,25531.0,21648.0,801
2023,2,A Line,Blue Line,Train,36979.0,24921.0,22966.0,801
2023,3,A Line,Blue Line,Train,35041.0,24617.0,21234.0,801
2023,4,A Line,Blue Line,Train,35478.0,30557.0,24915.0,801
2023,5,A Line,Blue Line,Train,34999.0,25743.0,22315.0,801
2023,6,A Line,Blue Line,Train,35126.0,29210.0,24923.0,801
2023,7,A Line,Blue Line,Train,54527.0,45784.0,41247.0,801
2023,8,A Line,Blue Line,Train,57900.0,46771.0,37723.0,801
2023,9,A Line,Blue Line,Train,59614.0,46758.0,39305.0,801
2023,10,A Line,Blue Line,Train,61892.0,47893.0,45797.0,801
2023,11,A Line,Blue Line,Train,61045.0,48479.0,39687.0,801
2023,12,A Line,Blue Line,Train,59406.0,44905.0,42485.0,801
2024,1,A Line,Blue Line,Train,60608.0,45047.0,38982.0,801
2024,2,A Line,Blue Line,Train,61342.0,50595.0,50013.0,801
2024,3,A Line,Blue Line,Train,67263.0,46467.0,42263.0,801
2024,4,A Line,Blue Line,Train,66807.0,54085.0,43616.0,801
2024,5,A Line,Blue Line,Train,69216.0,50625.0,44306.0,801
2024,6,A Line,Blue Line,Train,67061.0,53536.0,46526.0,801
2024,7,A Line,Blue Line,Train,65251.0,51271.0,46267.0,801
2024,8,A Line,Blue Line,Train,67589.0,51716.0,46312.0,801
2024,9,A Line,Blue Line,Train,70902.0,49665.0,45014.0,801
2024,10,A Line,Blue Line,Train,70169.0,55138.0,46079.0,801
2024,11,A Line,Blue Line,Train,70425.0,53867.0,43264.0,801
2024,12,A Line,Blue Line,Train,64566.0,47118.0,38623.0,801
2025,1,A Line,Blue Line,Train,58834.0,44450.0,37133.0,801
2025,2,A Line,Blue Line,Train,67490.0,52478.0,44830.0,801
2025,3,A Line,Blue Line,Train,65795.0,56100.0,47191.0,801
2025,4,A Line,Blue Line,Train,70343.0,58227.0,46059.0,801
2025,5,A Line,Blue Line,Train,68379.0,50675.0,42480.0,801
2025,6,A Line,Blue Line,Train,63180.0,49183.0,44403.0,801
2009,1,B Line,Red Line,Train,140943.0,87840.0,80206.0,802
2009,2,B Line,Red Line,Train,141815.0,90746.0,75754.0,802
2009,3,B Line,Red Line,Train,150511.0,97268.0,80497.0,802
2009,4,B Line,Red Line,Train,151152.0,96636.0,89735.0,802
2009,5,B Line,Red Line,Train,154355.0,98288.0,84580.0,802
2009,6,B Line,Red Line,Train,156562.0,95809.0,75294.0,802
2009,7,B Line,Red Line,Train,162720.0,99928.0,81324.0,802
2009,8,B Line,Red Line,Train,158305.0,98210.0,81679.0,802
2009,9,B Line,Red Line,Train,149597.0,94370.0,77647.0,802
2009,10,B Line,Red Line,Train,141302.0,98380.0,78589.0,802
2009,11,B Line,Red Line,Train,139140.0,88415.0,73514.0,802
2009,12,B Line,Red Line,Train,137296.0,80492.0,69525.0,802
2010,1,B Line,Red Line,Train,139409.0,94338.0,76769.0,802
2010,2,B Line,Red Line,Train,147482.0,93576.0,82719.0,802
2010,3,B Line,Red Line,Train,155463.0,102709.0,81961.0,802
2010,4,B Line,Red Line,Train,152507.0,104869.0,82792.0,802
2010,5,B Line,Red Line,Train,151523.0,106713.0,77701.0,802
2010,6,B Line,Red Line,Train,162648.0,101950.0,82892.0,802
2010,7,B Line,Red Line,Train,154450.0,100390.0,80310.0,802
2010,8,B Line,Red Line,Train,150435.0,101190.0,82843.0,802
2010,9,B Line,Red Line,Train,148214.0,100936.0,81065.0,802
2010,10,B Line,Red Line,Train,143174.0,93780.0,76831.0,802
2010,11,B Line,Red Line,Train,136569.0,89148.0,73290.0,802
2010,12,B Line,Red Line,Train,133099.0,83318.0,66532.0,802
2011,1,B Line,Red Line,Train,143634.0,91154.0,68127.0,802
2011,2,B Line,Red Line,Train,143387.0,94720.0,69863.0,802
2011,3,B Line,Red Line,Train,144093.0,99973.0,68133.0,802
2011,4,B Line,Red Line,Train,148057.0,97013.0,79110.0,802
2011,5,B Line,Red Line,Train,144244.0,98574.0,71577.0,802
2011,6,B Line,Red Line,Train,155975.0,93465.0,72715.0,802
2011,7,B Line,Red Line,Train,171163.0,92171.0,74186.0,802
2011,8,B Line,Red Line,Train,159302.0,100728.0,80785.0,802
2011,9,B Line,Red Line,Train,152706.0,96760.0,76175.0,802
2011,10,B Line,Red Line,Train,145737.0,86230.0,74723.0,802
2011,11,B Line,Red Line,Train,140363.0,77255.0,60157.0,802
2011,12,B Line,Red Line,Train,141680.0,75326.0,66774.0,802
2012,1,B Line,Red Line,Train,144854.0,84848.0,74037.0,802
2012,2,B Line,Red Line,Train,148180.0,89593.0,70330.0,802
2012,3,B Line,Red Line,Train,151757.0,88870.0,69912.0,802
2012,4,B Line,Red Line,Train,149917.0,95348.0,83697.0,802
2012,5,B Line,Red Line,Train,151751.0,100245.0,82533.0,802
2012,6,B Line,Red Line,Train,163510.0,92034.0,74864.0,802
2012,7,B Line,Red Line,Train,151309.0,86941.0,78265.0,802
2012,8,B Line,Red Line,Train,154025.0,90817.0,79423.0,802
2012,9,B Line,Red Line,Train,155940.0,91739.0,81113.0,802
2012,10,B Line,Red Line,Train,157605.0,97768.0,84308.0,802
2012,11,B Line,Red Line,Train,158321.0,96572.0,83192.0,802
2012,12,B Line,Red Line,Train,158830.0,95876.0,84580.0,802
2013,1,B Line,Red Line,Train,158328.0,89906.0,81175.0,802
2013,2,B Line,Red Line,Train,157764.0,92173.0,78714.0,802
2013,3,B Line,Red Line,Train,158754.0,96842.0,76142.0,802
2013,4,B Line,Red Line,Train,157429.0,97782.0,73156.0,802
2013,5,B Line,Red Line,Train,157257.0,101440.0,73874.0,802
2013,6,B Line,Red Line,Train,161010.0,102100.0,69442.0,802
2013,7,B Line,Red Line,Train,162746.0,104060.0,71990.0,802
2013,8,B Line,Red Line,Train,164081.0,107995.0,74028.0,802
2013,9,B Line,Red Line,Train,167839.0,110887.0,71874.0,802
2013,10,B Line,Red Line,Train,169478.0,113742.0,69070.0,802
2013,11,B Line,Red Line,Train,169562.0,110122.0,68740.0,802
2013,12,B Line,Red Line,Train,165526.0,115287.0,66393.0,802
2014,1,B Line,Red Line,Train,162873.0,107417.0,67240.0,802
2014,2,B Line,Red Line,Train,158086.0,111301.0,65647.0,802
2014,3,B Line,Red Line,Train,148484.0,108155.0,70882.0,802
2014,4,B Line,Red Line,Train,147777.0,105849.0,72441.0,802
2014,5,B Line,Red Line,Train,146299.0,104051.0,74860.0,802
2014,6,B Line,Red Line,Train,149456.0,99993.0,75773.0,802
2014,7,B Line,Red Line,Train,150774.0,102471.0,79036.0,802
2014,8,B Line,Red Line,Train,152105.0,98810.0,83408.0,802
2014,9,B Line,Red Line,Train,153343.0,99353.0,81489.0,802
2014,10,B Line,Red Line,Train,153957.0,100697.0,83611.0,802
2014,11,B Line,Red Line,Train,154618.0,96163.0,83146.0,802
2014,12,B Line,Red Line,Train,150421.0,95624.0,84974.0,802
2015,1,B Line,Red Line,Train,149377.0,94214.0,83699.0,802
2015,2,B Line,Red Line,Train,147469.0,93014.0,80746.0,802
2015,3,B Line,Red Line,Train,146525.0,93959.0,76581.0,802
2015,4,B Line,Red Line,Train,140947.0,92548.0,77390.0,802
2015,5,B Line,Red Line,Train,138307.0,94501.0,78959.0,802
2015,6,B Line,Red Line,Train,140873.0,93958.0,80184.0,802
2015,7,B Line,Red Line,Train,143249.0,93605.0,86211.0,802
2015,8,B Line,Red Line,Train,143046.0,95225.0,84460.0,802
2015,9,B Line,Red Line,Train,142615.0,94120.0,83409.0,802
2015,10,B Line,Red Line,Train,145556.0,96804.0,81892.0,802
2015,11,B Line,Red Line,Train,145135.0,96877.0,80068.0,802
2015,12,B Line,Red Line,Train,143708.0,96678.0,76928.0,802
2016,1,B Line,Red Line,Train,141635.0,96142.0,76099.0,802
2016,2,B Line,Red Line,Train,142319.0,94205.0,76476.0,802
2016,3,B Line,Red Line,Train,142270.0,95187.0,77111.0,802
2016,4,B Line,Red Line,Train,139663.0,91338.0,77808.0,802
2016,5,B Line,Red Line,Train,134295.0,86900.0,74840.0,802
2016,6,B Line,Red Line,Train,146991.0,84758.0,73915.0,802
2016,7,B Line,Red Line,Train,149096.0,81405.0,74609.0,802
2016,8,B Line,Red Line,Train,147638.0,87279.0,73867.0,802
2016,9,B Line,Red Line,Train,147792.0,84378.0,73031.0,802
2016,10,B Line,Red Line,Train,141053.0,89513.0,72957.0,802
2016,11,B Line,Red Line,Train,143692.0,92911.0,70511.0,802
2016,12,B Line,Red Line,Train,144339.0,92107.0,69866.0,802
2017,1,B Line,Red Line,Train,145286.0,90373.0,68400.0,802
2017,2,B Line,Red Line,Train,143964.0,91685.0,67751.0,802
2017,3,B Line,Red Line,Train,144327.0,90593.0,65342.0,802
2017,4,B Line,Red Line,Train,145321.0,92475.0,58740.0,802
2017,5,B Line,Red Line,Train,143120.0,94402.0,62106.0,802
2017,6,B Line,Red Line,Train,143445.0,99782.0,63804.0,802
2017,7,B Line,Red Line,Train,142338.0,96081.0,61375.0,802
2017,8,B Line,Red Line,Train,141471.0,98719.0,65525.0,802
2017,9,B Line,Red Line,Train,139826.0,96135.0,66296.0,802
2017,10,B Line,Red Line,Train,139075.0,100986.0,70026.0,802
2017,11,B Line,Red Line,Train,139649.0,97575.0,69154.0,802
2017,12,B Line,Red Line,Train,136834.0,85694.0,67674.0,802
2018,1,B Line,Red Line,Train,138140.0,85167.0,69241.0,802
2018,2,B Line,Red Line,Train,138610.0,83740.0,67075.0,802
2018,3,B Line,Red Line,Train,135626.0,82035.0,68674.0,802
2018,7,B Line,Red Line,Train,135985.0,82756.0,69629.0,802
2018,8,B Line,Red Line,Train,135626.0,81407.0,73704.0,802
2018,9,B Line,Red Line,Train,138171.0,83801.0,71739.0,802
2018,10,B Line,Red Line,Train,138556.0,82630.0,69353.0,802
2018,11,B Line,Red Line,Train,138937.0,77120.0,71238.0,802
2018,12,B Line,Red Line,Train,140006.0,77786.0,72050.0,802
2019,1,B Line,Red Line,Train,139759.0,78342.0,71760.0,802
2019,2,B Line,Red Line,Train,139850.0,77831.0,69648.0,802
2019,3,B Line,Red Line,Train,136622.0,76355.0,68962.0,802
2019,4,B Line,Red Line,Train,135951.0,77066.0,67228.0,802
2019,5,B Line,Red Line,Train,134329.0,79423.0,62894.0,802
2019,6,B Line,Red Line,Train,132859.0,79348.0,63600.0,802
2019,7,B Line,Red Line,Train,130228.0,79572.0,61923.0,802
2019,8,B Line,Red Line,Train,127642.0,76831.0,62511.0,802
2019,9,B Line,Red Line,Train,131033.0,75981.0,62704.0,802
2019,10,B Line,Red Line,Train,131696.0,75594.0,61879.0,802
2019,11,B Line,Red Line,Train,130623.0,75032.0,62985.0,802
2019,12,B Line,Red Line,Train,130522.0,73647.0,60933.0,802
2020,1,B Line,Red Line,Train,133715.0,72692.0,61806.0,802
2020,2,B Line,Red Line,Train,133755.0,80847.0,61695.0,802
2020,3,B Line,Red Line,Train,79771.0,41631.0,40449.0,802
2020,4,B Line,Red Line,Train,42206.0,28454.0,22502.0,802
2020,5,B Line,Red Line,Train,50351.0,33529.0,25108.0,802
2020,6,B Line,Red Line,Train,62341.0,44412.0,42754.0,802
2020,7,B Line,Red Line,Train,57910.0,36784.0,30339.0,802
2020,8,B Line,Red Line,Train,56615.0,37884.0,30312.0,802
2020,9,B Line,Red Line,Train,60509.0,40650.0,32214.0,802
2020,10,B Line,Red Line,Train,63153.0,43906.0,33663.0,802
2020,11,B Line,Red Line,Train,64261.0,45297.0,35881.0,802
2020,12,B Line,Red Line,Train,54121.0,35578.0,30091.0,802
2021,1,B Line,Red Line,Train,50074.0,34081.0,29748.0,802
2021,2,B Line,Red Line,Train,51534.0,38704.0,33661.0,802
2021,3,B Line,Red Line,Train,55296.0,39993.0,32823.0,802
2021,4,B Line,Red Line,Train,59139.0,41393.0,35985.0,802
2021,5,B Line,Red Line,Train,60384.0,45601.0,38501.0,802
2021,6,B Line,Red Line,Train,62527.0,51116.0,42686.0,802
2021,7,B Line,Red Line,Train,63545.0,49177.0,41393.0,802
2021,8,B Line,Red Line,Train,66962.0,45628.0,39637.0,802
2021,9,B Line,Red Line,Train,72926.0,45317.0,42919.0,802
2021,10,B Line,Red Line,Train,81261.0,48592.0,44675.0,802
2021,11,B Line,Red Line,Train,83153.0,48560.0,46190.0,802
2021,12,B Line,Red Line,Train,76517.0,,59571.0,802
2022,1,B Line,Red Line,Train,75688.0,49129.0,44475.0,802
2022,2,B Line,Red Line,Train,79369.0,57419.0,39747.0,802
2022,3,B Line,Red Line,Train,85959.0,71387.0,66488.0,802
2022,4,B Line,Red Line,Train,79214.0,61445.0,56549.0,802
2022,5,B Line,Red Line,Train,72350.0,65143.0,57979.0,802
2022,6,B Line,Red Line,Train,71264.0,65769.0,56416.0,802
2022,7,B Line,Red Line,Train,68859.0,66550.0,57248.0,802
2022,8,B Line,Red Line,Train,71512.0,63078.0,54720.0,802
2022,9,B Line,Red Line,Train,76306.0,62569.0,55880.0,802
2022,10,B Line,Red Line,Train,79350.0,62027.0,59457.0,802
2022,11,B Line,Red Line,Train,76562.0,63287.0,56160.0,802
2022,12,B Line,Red Line,Train,74779.0,56509.0,51826.0,802
2023,1,B Line,Red Line,Train,77990.0,61601.0,56260.0,802
2023,2,B Line,Red Line,Train,84489.0,66023.0,62455.0,802
2023,3,B Line,Red Line,Train,81162.0,68589.0,57694.0,802
2023,4,B Line,Red Line,Train,87054.0,70053.0,59994.0,802
2023,5,B Line,Red Line,Train,86968.0,68591.0,58594.0,802
2023,6,B Line,Red Line,Train,82349.0,70997.0,65247.0,802
2023,7,B Line,Red Line,Train,77597.0,66730.0,61290.0,802
2023,8,B Line,Red Line,Train,74157.0,65011.0,57549.0,802
2023,9,B Line,Red Line,Train,69653.0,54967.0,47882.0,802
2023,10,B Line,Red Line,Train,71086.0,56916.0,51526.0,802
2023,11,B Line,Red Line,Train,62749.0,50490.0,44749.0,802
2023,12,B Line,Red Line,Train,59202.0,50236.0,48247.0,802
2024,1,B Line,Red Line,Train,61884.0,48920.0,42840.0,802
2024,2,B Line,Red Line,Train,63819.0,52661.0,44263.0,802
2024,3,B Line,Red Line,Train,65976.0,50337.0,47508.0,802
2024,4,B Line,Red Line,Train,66642.0,51491.0,45942.0,802
2024,5,B Line,Red Line,Train,64729.0,52292.0,47176.0,802
2024,6,B Line,Red Line,Train,66618.0,55490.0,51816.0,802
2024,7,B Line,Red Line,Train,65590.0,53252.0,48531.0,802
2024,8,B Line,Red Line,Train,65690.0,54568.0,47293.0,802
2024,9,B Line,Red Line,Train,70745.0,55775.0,42995.0,802
2024,10,B Line,Red Line,Train,70637.0,53936.0,43286.0,802
2024,11,B Line,Red Line,Train,70940.0,53966.0,44474.0,802
2024,12,B Line,Red Line,Train,66813.0,50833.0,45221.0,802
2025,1,B Line,Red Line,Train,61030.0,47841.0,40604.0,802
2025,2,B Line,Red Line,Train,64978.0,50477.0,43653.0,802
2025,3,B Line,Red Line,Train,66033.0,51930.0,43282.0,802
2025,4,B Line,Red Line,Train,65512.0,54742.0,47503.0,802
2025,5,B Line,Red Line,Train,63114.0,48957.0,41054.0,802
2025,6,B Line,Red Line,Train,57471.0,43117.0,41778.0,802
2009,1,C Line,Green Line,Train,35641.0,20736.0,17162.0,803
2009,2,C Line,Green Line,Train,34766.0,21328.0,17002.0,803
2009,3,C Line,Green Line,Train,39322.0,21121.0,17455.0,803
2009,4,C Line,Green Line,Train,37346.0,23532.0,18001.0,803
2009,5,C Line,Green Line,Train,38301.0,21910.0,18318.0,803
2009,6,C Line,Green Line,Train,41126.0,22140.0,18158.0,803
2009,7,C Line,Green Line,Train,39970.0,22449.0,18394.0,803
2009,8,C Line,Green Line,Train,39434.0,21264.0,17931.0,803
2009,9,C Line,Green Line,Train,38619.0,22299.0,17531.0,803
2009,10,C Line,Green Line,Train,36453.0,20467.0,17274.0,803
2009,11,C Line,Green Line,Train,36238.0,19226.0,15764.0,803
2009,12,C Line,Green Line,Train,34276.0,17456.0,15042.0,803
2010,1,C Line,Green Line,Train,35536.0,20636.0,17893.0,803
2010,2,C Line,Green Line,Train,37456.0,19258.0,18235.0,803
2010,3,C Line,Green Line,Train,39645.0,20833.0,18676.0,803
2010,4,C Line,Green Line,Train,38985.0,21823.0,18036.0,803
2010,5,C Line,Green Line,Train,40344.0,22530.0,17851.0,803
2010,6,C Line,Green Line,Train,43904.0,21071.0,18432.0,803
2010,7,C Line,Green Line,Train,39900.0,21545.0,18350.0,803
2010,8,C Line,Green Line,Train,41172.0,23094.0,17910.0,803
2010,9,C Line,Green Line,Train,42273.0,24171.0,18303.0,803
2010,10,C Line,Green Line,Train,40385.0,24079.0,17254.0,803
2010,11,C Line,Green Line,Train,38706.0,22266.0,16457.0,803
2010,12,C Line,Green Line,Train,35259.0,19836.0,14718.0,803
2011,1,C Line,Green Line,Train,40891.0,24105.0,17405.0,803
2011,2,C Line,Green Line,Train,40729.0,22887.0,19014.0,803
2011,3,C Line,Green Line,Train,38359.0,22096.0,15813.0,803
2011,4,C Line,Green Line,Train,40586.0,22862.0,19361.0,803
2011,5,C Line,Green Line,Train,40411.0,23832.0,18599.0,803
2011,6,C Line,Green Line,Train,42380.0,23188.0,17310.0,803
2011,7,C Line,Green Line,Train,45259.0,25927.0,19706.0,803
2011,8,C Line,Green Line,Train,43373.0,23058.0,18901.0,803
2011,9,C Line,Green Line,Train,44831.0,23040.0,18313.0,803
2011,10,C Line,Green Line,Train,42810.0,22256.0,17523.0,803
2011,11,C Line,Green Line,Train,40669.0,19223.0,14328.0,803
2011,12,C Line,Green Line,Train,38917.0,19346.0,16153.0,803
2012,1,C Line,Green Line,Train,42600.0,21900.0,18832.0,803
2012,2,C Line,Green Line,Train,43712.0,23767.0,18063.0,803
2012,3,C Line,Green Line,Train,44025.0,22052.0,16269.0,803
2012,4,C Line,Green Line,Train,43337.0,24711.0,17989.0,803
2012,5,C Line,Green Line,Train,45000.0,25296.0,17915.0,803
2012,6,C Line,Green Line,Train,46278.0,25656.0,16504.0,803
2012,7,C Line,Green Line,Train,47214.0,26568.0,17052.0,803
2012,8,C Line,Green Line,Train,45536.0,27291.0,16143.0,803
2012,9,C Line,Green Line,Train,46393.0,28889.0,17122.0,803
2012,10,C Line,Green Line,Train,46544.0,28022.0,17964.0,803
2012,11,C Line,Green Line,Train,46327.0,28796.0,19530.0,803
2012,12,C Line,Green Line,Train,46029.0,26406.0,19859.0,803
2013,1,C Line,Green Line,Train,45141.0,26943.0,19995.0,803
2013,2,C Line,Green Line,Train,44317.0,25164.0,19938.0,803
2013,3,C Line,Green Line,Train,44133.0,24545.0,19402.0,803
2013,4,C Line,Green Line,Train,42416.0,24905.0,19051.0,803
2013,5,C Line,Green Line,Train,41569.0,25366.0,17767.0,803
2013,6,C Line,Green Line,Train,42361.0,26082.0,17677.0,803
2013,7,C Line,Green Line,Train,42670.0,26030.0,16938.0,803
2013,8,C Line,Green Line,Train,42593.0,27691.0,16142.0,803
2013,9,C Line,Green Line,Train,42101.0,29670.0,18155.0,803
2013,10,C Line,Green Line,Train,43222.0,29948.0,19173.0,803
2013,11,C Line,Green Line,Train,43458.0,30482.0,20880.0,803
2013,12,C Line,Green Line,Train,43432.0,29792.0,20076.0,803
2014,1,C Line,Green Line,Train,43064.0,29543.0,20707.0,803
2014,2,C Line,Green Line,Train,42477.0,27431.0,20227.0,803
2014,3,C Line,Green Line,Train,42085.0,25356.0,19208.0,803
2014,4,C Line,Green Line,Train,41023.0,25457.0,19057.0,803
2014,5,C Line,Green Line,Train,40768.0,24399.0,18446.0,803
2014,6,C Line,Green Line,Train,40587.0,23888.0,18021.0,803
2014,7,C Line,Green Line,Train,40922.0,23352.0,17782.0,803
2014,8,C Line,Green Line,Train,41739.0,24360.0,18034.0,803
2014,9,C Line,Green Line,Train,41791.0,26195.0,18453.0,803
2014,10,C Line,Green Line,Train,41713.0,24573.0,18046.0,803
2014,11,C Line,Green Line,Train,41221.0,24533.0,17631.0,803
2014,12,C Line,Green Line,Train,40403.0,24519.0,17643.0,803
2015,1,C Line,Green Line,Train,39678.0,23077.0,16840.0,803
2015,2,C Line,Green Line,Train,39143.0,22719.0,16428.0,803
2015,3,C Line,Green Line,Train,38790.0,22369.0,16508.0,803
2015,4,C Line,Green Line,Train,38102.0,22035.0,16455.0,803
2015,5,C Line,Green Line,Train,37745.0,21193.0,16287.0,803
2015,6,C Line,Green Line,Train,39016.0,20392.0,16147.0,803
2015,7,C Line,Green Line,Train,39630.0,20192.0,16830.0,803
2015,8,C Line,Green Line,Train,39492.0,20253.0,16830.0,803
2015,9,C Line,Green Line,Train,39508.0,20062.0,16487.0,803
2015,10,C Line,Green Line,Train,39688.0,20981.0,16211.0,803
2015,11,C Line,Green Line,Train,40009.0,20253.0,16167.0,803
2015,12,C Line,Green Line,Train,39294.0,19873.0,15508.0,803
2016,1,C Line,Green Line,Train,38489.0,19235.0,14069.0,803
2016,2,C Line,Green Line,Train,38050.0,18820.0,13929.0,803
2016,3,C Line,Green Line,Train,37763.0,18155.0,13736.0,803
2016,4,C Line,Green Line,Train,37459.0,17565.0,13763.0,803
2016,5,C Line,Green Line,Train,34913.0,17746.0,13590.0,803
2016,6,C Line,Green Line,Train,35486.0,17240.0,14053.0,803
2016,7,C Line,Green Line,Train,36141.0,18469.0,15976.0,803
2016,8,C Line,Green Line,Train,36698.0,18098.0,16566.0,803
2016,9,C Line,Green Line,Train,34796.0,17655.0,15879.0,803
2016,10,C Line,Green Line,Train,34549.0,17412.0,15603.0,803
2016,11,C Line,Green Line,Train,33581.0,17684.0,15363.0,803
2016,12,C Line,Green Line,Train,33387.0,17744.0,15016.0,803
2017,1,C Line,Green Line,Train,33107.0,16695.0,14509.0,803
2017,2,C Line,Green Line,Train,32449.0,17134.0,13522.0,803
2017,3,C Line,Green Line,Train,32504.0,17201.0,13017.0,803
2017,4,C Line,Green Line,Train,31854.0,18110.0,13233.0,803
2017,5,C Line,Green Line,Train,31507.0,17575.0,13386.0,803
2017,6,C Line,Green Line,Train,31439.0,17643.0,13496.0,803
2017,7,C Line,Green Line,Train,31620.0,17652.0,13012.0,803
2017,8,C Line,Green Line,Train,31963.0,17954.0,13700.0,803
2017,9,C Line,Green Line,Train,33528.0,17345.0,13938.0,803
2017,10,C Line,Green Line,Train,34105.0,15860.0,13706.0,803
2017,11,C Line,Green Line,Train,33790.0,15855.0,13775.0,803
2017,12,C Line,Green Line,Train,32962.0,16291.0,13307.0,803
2018,1,C Line,Green Line,Train,32924.0,17096.0,13746.0,803
2018,2,C Line,Green Line,Train,30814.0,16297.0,13351.0,803
2018,3,C Line,Green Line,Train,29041.0,14950.0,12559.0,803
2018,7,C Line,Green Line,Train,29875.0,15287.0,12870.0,803
2018,8,C Line,Green Line,Train,30106.0,16555.0,13401.0,803
2018,9,C Line,Green Line,Train,31469.0,17993.0,14303.0,803
2018,10,C Line,Green Line,Train,32406.0,18058.0,14595.0,803
2018,11,C Line,Green Line,Train,33177.0,18215.0,14779.0,803
2018,12,C Line,Green Line,Train,32039.0,18030.0,15057.0,803
2019,1,C Line,Green Line,Train,31711.0,17518.0,14992.0,803
2019,2,C Line,Green Line,Train,29607.0,16142.0,14002.0,803
2019,3,C Line,Green Line,Train,29056.0,15743.0,13880.0,803
2019,4,C Line,Green Line,Train,27783.0,16323.0,13654.0,803
2019,5,C Line,Green Line,Train,27190.0,16331.0,13392.0,803
2019,6,C Line,Green Line,Train,28272.0,16415.0,12974.0,803
2019,7,C Line,Green Line,Train,28547.0,16261.0,12995.0,803
2019,8,C Line,Green Line,Train,29295.0,16718.0,13820.0,803
2019,9,C Line,Green Line,Train,30239.0,17012.0,13855.0,803
2019,10,C Line,Green Line,Train,30236.0,17186.0,13824.0,803
2019,11,C Line,Green Line,Train,30052.0,16733.0,14349.0,803
2019,12,C Line,Green Line,Train,29501.0,16302.0,14354.0,803
2020,1,C Line,Green Line,Train,29333.0,16339.0,14307.0,803
2020,2,C Line,Green Line,Train,29376.0,16504.0,13956.0,803
2020,3,C Line,Green Line,Train,19015.0,10970.0,9491.0,803
2020,4,C Line,Green Line,Train,8694.0,7597.0,6547.0,803
2020,5,C Line,Green Line,Train,9790.0,8307.0,6750.0,803
2020,6,C Line,Green Line,Train,10304.0,8399.0,6963.0,803
2020,7,C Line,Green Line,Train,12160.0,8403.0,7448.0,803
2020,8,C Line,Green Line,Train,11854.0,7800.0,6981.0,803
2020,9,C Line,Green Line,Train,12192.0,8277.0,7093.0,803
2020,10,C Line,Green Line,Train,12141.0,8624.0,7241.0,803
2020,11,C Line,Green Line,Train,11604.0,7202.0,6411.0,803
2020,12,C Line,Green Line,Train,10974.0,7425.0,6009.0,803
2021,1,C Line,Green Line,Train,11146.0,7448.0,6462.0,803
2021,2,C Line,Green Line,Train,11745.0,7719.0,6493.0,803
2021,3,C Line,Green Line,Train,11697.0,8269.0,6834.0,803
2021,4,C Line,Green Line,Train,12515.0,8309.0,6814.0,803
2021,5,C Line,Green Line,Train,12925.0,8873.0,7319.0,803
2021,6,C Line,Green Line,Train,13688.0,8421.0,7471.0,803
2021,7,C Line,Green Line,Train,14156.0,8957.0,7725.0,803
2021,8,C Line,Green Line,Train,15482.0,10938.0,9050.0,803
2021,9,C Line,Green Line,Train,15700.0,9325.0,9749.0,803
2021,10,C Line,Green Line,Train,15439.0,8665.0,10013.0,803
2021,11,C Line,Green Line,Train,15868.0,10541.0,9770.0,803
2021,12,C Line,Green Line,Train,14090.0,,8702.0,803
2022,1,C Line,Green Line,Train,14605.0,9400.0,9170.0,803
2022,2,C Line,Green Line,Train,16026.0,10221.0,9998.0,803
2022,3,C Line,Green Line,Train,16980.0,10516.0,8779.0,803
2022,4,C Line,Green Line,Train,16991.0,10573.0,8124.0,803
2022,5,C Line,Green Line,Train,17687.0,11442.0,9562.0,803
2022,6,C Line,Green Line,Train,17499.0,11282.0,9474.0,803
2022,7,C Line,Green Line,Train,17328.0,11460.0,9900.0,803
2022,8,C Line,Green Line,Train,18312.0,12554.0,9591.0,803
2022,9,C Line,Green Line,Train,19508.0,11956.0,11907.0,803
2022,10,C Line,Green Line,Train,19873.0,12083.0,12653.0,803
2022,11,C Line,Green Line,Train,18859.0,12134.0,11340.0,803
2022,12,C Line,Green Line,Train,17791.0,10947.0,11355.0,803
2023,1,C Line,Green Line,Train,17577.0,11047.0,10103.0,803
2023,2,C Line,Green Line,Train,18633.0,11426.0,10431.0,803
2023,3,C Line,Green Line,Train,18339.0,12642.0,10087.0,803
2023,4,C Line,Green Line,Train,18815.0,12542.0,10421.0,803
2023,5,C Line,Green Line,Train,19675.0,12744.0,10563.0,803
2023,6,C Line,Green Line,Train,19342.0,13078.0,10764.0,803
2023,7,C Line,Green Line,Train,19714.0,13156.0,11835.0,803
2023,8,C Line,Green Line,Train,19525.0,13414.0,11160.0,803
2023,9,C Line,Green Line,Train,19959.0,12448.0,11914.0,803
2023,10,C Line,Green Line,Train,21367.0,14419.0,14500.0,803
2023,11,C Line,Green Line,Train,20494.0,9196.0,11479.0,803
2023,12,C Line,Green Line,Train,20218.0,13450.0,11898.0,803
2024,1,C Line,Green Line,Train,20377.0,12411.0,11473.0,803
2024,2,C Line,Green Line,Train,19908.0,13047.0,12186.0,803
2024,3,C Line,Green Line,Train,22413.0,11909.0,12906.0,803
2024,4,C Line,Green Line,Train,20404.0,12707.0,12328.0,803
2024,5,C Line,Green Line,Train,21902.0,14919.0,13359.0,803
2024,6,C Line,Green Line,Train,21343.0,15075.0,13302.0,803
2024,7,C Line,Green Line,Train,21242.0,14994.0,13835.0,803
2024,8,C Line,Green Line,Train,20608.0,15501.0,13758.0,803
2024,9,C Line,Green Line,Train,22067.0,14069.0,13204.0,803
2024,10,C Line,Green Line,Train,22852.0,14843.0,14506.0,803
2024,11,C Line,Green Line,Train,19836.0,13010.0,12652.0,803
2024,12,C Line,Green Line,Train,18751.0,14299.0,12068.0,803
2025,1,C Line,Green Line,Train,19024.0,13329.0,11732.0,803
2025,2,C Line,Green Line,Train,19164.0,13262.0,11331.0,803
2025,3,C Line,Green Line,Train,18447.0,12791.0,11075.0,803
2025,4,C Line,Green Line,Train,18908.0,12827.0,11151.0,803
2025,5,C Line,Green Line,Train,19805.0,13318.0,11355.0,803
2025,6,C Line,Green Line,Train,15225.0,11479.0,10797.0,803
2009,1,E Line,Expo Line,Train,22543.0,15569.0,12661.0,804
2009,2,E Line,Expo Line,Train,22271.0,14064.0,11113.0,804
2009,3,E Line,Expo Line,Train,24293.0,15015.0,12374.0,804
2009,4,E Line,Expo Line,Train,24060.0,16527.0,12984.0,804
2009,5,E Line,Expo Line,Train,24550.0,15696.0,13744.0,804
2009,6,E Line,Expo Line,Train,24219.0,14281.0,11408.0,804
2009,7,E Line,Expo Line,Train,21065.0,10896.0,8622.0,804
2009,8,E Line,Expo Line,Train,24175.0,15701.0,11673.0,804
2009,9,E Line,Expo Line,Train,22476.0,16130.0,10740.0,804
2009,10,E Line,Expo Line,Train,21322.0,14083.0,12226.0,804
2009,11,E Line,Expo Line,Train,28478.0,13155.0,10507.0,804
2009,12,E Line,Expo Line,Train,28621.0,19330.0,20345.0,804
2010,1,E Line,Expo Line,Train,28227.0,22974.0,22668.0,804
2010,2,E Line,Expo Line,Train,30512.0,21359.0,20735.0,804
2010,3,E Line,Expo Line,Train,31544.0,21583.0,20447.0,804
2010,4,E Line,Expo Line,Train,32315.0,25453.0,19844.0,804
2010,5,E Line,Expo Line,Train,32434.0,27516.0,19545.0,804
2010,6,E Line,Expo Line,Train,37270.0,22933.0,19661.0,804
2010,7,E Line,Expo Line,Train,34285.0,25371.0,22970.0,804
2010,8,E Line,Expo Line,Train,35247.0,24269.0,21157.0,804
2010,9,E Line,Expo Line,Train,35649.0,24195.0,19507.0,804
2010,10,E Line,Expo Line,Train,34440.0,21960.0,18495.0,804
2010,11,E Line,Expo Line,Train,33121.0,20816.0,17512.0,804
2010,12,E Line,Expo Line,Train,30804.0,19675.0,16834.0,804
2011,1,E Line,Expo Line,Train,33947.0,22705.0,22633.0,804
2011,2,E Line,Expo Line,Train,33829.0,25995.0,18621.0,804
2011,3,E Line,Expo Line,Train,34544.0,24687.0,16330.0,804
2011,4,E Line,Expo Line,Train,38485.0,24475.0,19662.0,804
2011,5,E Line,Expo Line,Train,36623.0,25421.0,18553.0,804
2011,6,E Line,Expo Line,Train,39112.0,25708.0,18030.0,804
2011,7,E Line,Expo Line,Train,42900.0,26029.0,21452.0,804
2011,8,E Line,Expo Line,Train,39598.0,24460.0,20868.0,804
2011,9,E Line,Expo Line,Train,37938.0,24050.0,18959.0,804
2011,10,E Line,Expo Line,Train,36784.0,23688.0,21833.0,804
2011,11,E Line,Expo Line,Train,37843.0,20697.0,13936.0,804
2011,12,E Line,Expo Line,Train,39660.0,20130.0,15703.0,804
2012,1,E Line,Expo Line,Train,41129.0,25893.0,23426.0,804
2012,2,E Line,Expo Line,Train,41147.0,22070.0,16133.0,804
2012,3,E Line,Expo Line,Train,43136.0,20934.0,14384.0,804
2012,4,E Line,Expo Line,Train,42170.0,22230.0,19418.0,804
2012,5,E Line,Expo Line,Train,43614.0,23478.0,18583.0,804
2012,6,E Line,Expo Line,Train,47025.0,21837.0,16293.0,804
2012,7,E Line,Expo Line,Train,45694.0,22729.0,18363.0,804
2012,8,E Line,Expo Line,Train,42125.0,21050.0,17075.0,804
2012,9,E Line,Expo Line,Train,41987.0,23115.0,16835.0,804
2012,10,E Line,Expo Line,Train,42417.0,23743.0,14859.0,804
2012,11,E Line,Expo Line,Train,42175.0,22418.0,15587.0,804
2012,12,E Line,Expo Line,Train,42295.0,22170.0,15101.0,804
2013,1,E Line,Expo Line,Train,42476.0,22286.0,15077.0,804
2013,2,E Line,Expo Line,Train,43091.0,23333.0,16901.0,804
2013,3,E Line,Expo Line,Train,43564.0,22314.0,17379.0,804
2013,4,E Line,Expo Line,Train,43439.0,21968.0,17268.0,804
2013,5,E Line,Expo Line,Train,43173.0,21225.0,16641.0,804
2013,6,E Line,Expo Line,Train,44116.0,19747.0,16849.0,804
2013,7,E Line,Expo Line,Train,44267.0,20532.0,18002.0,804
2013,8,E Line,Expo Line,Train,44451.0,21506.0,19033.0,804
2013,9,E Line,Expo Line,Train,44374.0,22387.0,20684.0,804
2013,10,E Line,Expo Line,Train,43923.0,24171.0,20531.0,804
2013,11,E Line,Expo Line,Train,43831.0,27326.0,22781.0,804
2013,12,E Line,Expo Line,Train,42107.0,30150.0,25740.0,804
2014,1,E Line,Expo Line,Train,41802.0,29909.0,25235.0,804
2014,2,E Line,Expo Line,Train,41624.0,29739.0,23729.0,804
2014,3,E Line,Expo Line,Train,41390.0,28583.0,23659.0,804
2014,4,E Line,Expo Line,Train,41246.0,28682.0,24698.0,804
2014,5,E Line,Expo Line,Train,41196.0,28377.0,24263.0,804
2014,6,E Line,Expo Line,Train,41839.0,28219.0,24336.0,804
2014,7,E Line,Expo Line,Train,42695.0,28374.0,24029.0,804
2014,8,E Line,Expo Line,Train,43032.0,28853.0,24402.0,804
2014,9,E Line,Expo Line,Train,44149.0,28880.0,24548.0,804
2014,10,E Line,Expo Line,Train,44891.0,29123.0,24702.0,804
2014,11,E Line,Expo Line,Train,45010.0,29692.0,23954.0,804
2014,12,E Line,Expo Line,Train,44707.0,29550.0,23696.0,804
2015,1,E Line,Expo Line,Train,44312.0,29933.0,23523.0,804
2015,2,E Line,Expo Line,Train,44362.0,29686.0,23157.0,804
2015,3,E Line,Expo Line,Train,43631.0,29859.0,23050.0,804
2015,4,E Line,Expo Line,Train,41962.0,28838.0,23494.0,804
2015,5,E Line,Expo Line,Train,41248.0,28305.0,24345.0,804
2015,6,E Line,Expo Line,Train,43087.0,29406.0,24794.0,804
2015,7,E Line,Expo Line,Train,44211.0,29010.0,25559.0,804
2015,8,E Line,Expo Line,Train,43829.0,29933.0,25744.0,804
2015,9,E Line,Expo Line,Train,44931.0,29261.0,26060.0,804
2015,10,E Line,Expo Line,Train,45984.0,29729.0,25419.0,804
2015,11,E Line,Expo Line,Train,46520.0,30225.0,25957.0,804
2015,12,E Line,Expo Line,Train,46673.0,29762.0,26058.0,804
2016,1,E Line,Expo Line,Train,46608.0,30012.0,25799.0,804
2016,2,E Line,Expo Line,Train,47931.0,27945.0,26377.0,804
2016,3,E Line,Expo Line,Train,52672.0,32988.0,32013.0,804
2016,4,E Line,Expo Line,Train,50219.0,36793.0,31208.0,804
2016,5,E Line,Expo Line,Train,49238.0,36001.0,31625.0,804
2016,6,E Line,Expo Line,Train,50722.0,38817.0,33100.0,804
2016,7,E Line,Expo Line,Train,50087.0,36760.0,31840.0,804
2016,8,E Line,Expo Line,Train,50744.0,36435.0,32455.0,804
2016,9,E Line,Expo Line,Train,52018.0,36099.0,32240.0,804
2016,10,E Line,Expo Line,Train,52143.0,35211.0,31630.0,804
2016,11,E Line,Expo Line,Train,52916.0,34091.0,29765.0,804
2016,12,E Line,Expo Line,Train,51311.0,31050.0,28179.0,804
2017,1,E Line,Expo Line,Train,53648.0,31720.0,27033.0,804
2017,2,E Line,Expo Line,Train,50599.0,32057.0,27652.0,804
2017,3,E Line,Expo Line,Train,51195.0,32034.0,26991.0,804
2017,4,E Line,Expo Line,Train,51442.0,31987.0,26349.0,804
2017,5,E Line,Expo Line,Train,52355.0,32269.0,26248.0,804
2017,6,E Line,Expo Line,Train,53766.0,34146.0,25189.0,804
2017,7,E Line,Expo Line,Train,54228.0,32565.0,24701.0,804
2017,8,E Line,Expo Line,Train,54036.0,32861.0,23602.0,804
2017,9,E Line,Expo Line,Train,53157.0,31877.0,23898.0,804
2017,10,E Line,Expo Line,Train,52635.0,34704.0,24749.0,804
2017,11,E Line,Expo Line,Train,52589.0,33292.0,24468.0,804
2017,12,E Line,Expo Line,Train,51158.0,32091.0,23827.0,804
2018,1,E Line,Expo Line,Train,50411.0,32858.0,24772.0,804
2018,2,E Line,Expo Line,Train,48909.0,32643.0,25574.0,804
2018,3,E Line,Expo Line,Train,48744.0,32542.0,24211.0,804
2018,7,E Line,Expo Line,Train,50552.0,32712.0,24292.0,804
2018,8,E Line,Expo Line,Train,49643.0,33050.0,23379.0,804
2018,9,E Line,Expo Line,Train,49521.0,29736.0,24900.0,804
2018,10,E Line,Expo Line,Train,50663.0,29432.0,25424.0,804
2018,11,E Line,Expo Line,Train,51673.0,28644.0,26510.0,804
2018,12,E Line,Expo Line,Train,55028.0,27639.0,26449.0,804
2019,1,E Line,Expo Line,Train,54907.0,27194.0,26004.0,804
2019,2,E Line,Expo Line,Train,54130.0,28121.0,25650.0,804
2019,3,E Line,Expo Line,Train,52632.0,27422.0,25952.0,804
2019,4,E Line,Expo Line,Train,50463.0,28110.0,25029.0,804
2019,5,E Line,Expo Line,Train,48563.0,30184.0,24368.0,804
2019,6,E Line,Expo Line,Train,47884.0,29931.0,23769.0,804
2019,7,E Line,Expo Line,Train,44686.0,29943.0,24573.0,804
2019,8,E Line,Expo Line,Train,43027.0,29883.0,24456.0,804
2019,9,E Line,Expo Line,Train,42108.0,30640.0,23813.0,804
2019,10,E Line,Expo Line,Train,42505.0,30305.0,23691.0,804
2019,11,E Line,Expo Line,Train,43838.0,29352.0,22926.0,804
2019,12,E Line,Expo Line,Train,47329.0,30896.0,22922.0,804
2020,1,E Line,Expo Line,Train,47962.0,30836.0,22788.0,804
2020,2,E Line,Expo Line,Train,47697.0,30393.0,22757.0,804
2020,3,E Line,Expo Line,Train,26926.0,13317.0,13603.0,804
2020,4,E Line,Expo Line,Train,12847.0,10019.0,7705.0,804
2020,5,E Line,Expo Line,Train,15420.0,12126.0,9063.0,804
2020,6,E Line,Expo Line,Train,19444.0,16049.0,13273.0,804
2020,7,E Line,Expo Line,Train,13636.0,11081.0,9753.0,804
2020,8,E Line,Expo Line,Train,13566.0,10785.0,9592.0,804
2020,9,E Line,Expo Line,Train,14446.0,11248.0,9662.0,804
2020,10,E Line,Expo Line,Train,14545.0,11771.0,11336.0,804
2020,11,E Line,Expo Line,Train,12873.0,10104.0,7849.0,804
2020,12,E Line,Expo Line,Train,11240.0,8571.0,7560.0,804
2021,1,E Line,Expo Line,Train,10880.0,8787.0,7707.0,804
2021,2,E Line,Expo Line,Train,11814.0,9792.0,8849.0,804
2021,3,E Line,Expo Line,Train,12083.0,11263.0,9006.0,804
2021,4,E Line,Expo Line,Train,12810.0,10984.0,9206.0,804
2021,5,E Line,Expo Line,Train,13697.0,11720.0,9427.0,804
2021,6,E Line,Expo Line,Train,14948.0,12125.0,10737.0,804
2021,7,E Line,Expo Line,Train,15292.0,12276.0,10749.0,804
2021,8,E Line,Expo Line,Train,16665.0,12522.0,11100.0,804
2021,9,E Line,Expo Line,Train,17505.0,13598.0,10848.0,804
2021,10,E Line,Expo Line,Train,18053.0,15182.0,11919.0,804
2021,11,E Line,Expo Line,Train,18450.0,14030.0,11087.0,804
2021,12,E Line,Expo Line,Train,15674.0,,10497.0,804
2022,1,E Line,Expo Line,Train,15872.0,12681.0,13380.0,804
2022,2,E Line,Expo Line,Train,18520.0,14230.0,12108.0,804
2022,3,E Line,Expo Line,Train,19631.0,17201.0,13251.0,804
2022,4,E Line,Expo Line,Train,20121.0,15244.0,12454.0,804
2022,5,E Line,Expo Line,Train,20378.0,15476.0,13156.0,804
2022,6,E Line,Expo Line,Train,19611.0,15827.0,12813.0,804
2022,7,E Line,Expo Line,Train,19337.0,15489.0,11924.0,804
2022,8,E Line,Expo Line,Train,19517.0,13735.0,13314.0,804
2022,9,E Line,Expo Line,Train,21529.0,15977.0,13044.0,804
2022,10,E Line,Expo Line,Train,21588.0,15751.0,14417.0,804
2022,11,E Line,Expo Line,Train,19772.0,15735.0,12210.0,804
2022,12,E Line,Expo Line,Train,18701.0,14270.0,11455.0,804
2023,1,E Line,Expo Line,Train,19365.0,14401.0,14434.0,804
2023,2,E Line,Expo Line,Train,19966.0,14026.0,13172.0,804
2023,3,E Line,Expo Line,Train,20412.0,15151.0,13485.0,804
2023,4,E Line,Expo Line,Train,20863.0,14048.0,15466.0,804
2023,5,E Line,Expo Line,Train,20860.0,14833.0,12517.0,804
2023,6,E Line,Expo Line,Train,20078.0,16814.0,13877.0,804
2023,7,E Line,Expo Line,Train,41088.0,34015.0,31010.0,804
2023,8,E Line,Expo Line,Train,43121.0,38962.0,30615.0,804
2023,9,E Line,Expo Line,Train,43837.0,35578.0,28523.0,804
2023,10,E Line,Expo Line,Train,44433.0,38902.0,30135.0,804
2023,11,E Line,Expo Line,Train,43949.0,37122.0,26854.0,804
2023,12,E Line,Expo Line,Train,38932.0,31969.0,26279.0,804
2024,1,E Line,Expo Line,Train,38060.0,26952.0,21642.0,804
2024,2,E Line,Expo Line,Train,42098.0,35334.0,26126.0,804
2024,3,E Line,Expo Line,Train,46550.0,34465.0,30990.0,804
2024,4,E Line,Expo Line,Train,47714.0,42207.0,33734.0,804
2024,5,E Line,Expo Line,Train,48913.0,34307.0,31930.0,804
2024,6,E Line,Expo Line,Train,46602.0,37699.0,32123.0,804
2024,7,E Line,Expo Line,Train,45664.0,39098.0,34403.0,804
2024,8,E Line,Expo Line,Train,48213.0,40019.0,34287.0,804
2024,9,E Line,Expo Line,Train,52093.0,43652.0,32788.0,804
2024,10,E Line,Expo Line,Train,52949.0,41566.0,34286.0,804
2024,11,E Line,Expo Line,Train,49366.0,44280.0,33378.0,804
2024,12,E Line,Expo Line,Train,45686.0,35350.0,28099.0,804
2025,1,E Line,Expo Line,Train,44017.0,33904.0,25195.0,804
2025,2,E Line,Expo Line,Train,48964.0,39366.0,33492.0,804
2025,3,E Line,Expo Line,Train,48403.0,39996.0,33782.0,804
2025,4,E Line,Expo Line,Train,52246.0,45165.0,36105.0,804
2025,5,E Line,Expo Line,Train,54798.0,39872.0,34426.0,804
2025,6,E Line,Expo Line,Train,47001.0,42701.0,33069.0,804
2009,1,G Line,Orange BRT,Train,20138.0,11780.0,8987.0,901
2009,2,G Line,Orange BRT,Train,21633.0,12373.0,9092.0,901
2009,3,G Line,Orange BRT,Train,22334.0,13011.0,9752.0,901
2009,4,G Line,Orange BRT,Train,21223.0,12384.0,9704.0,901
2009,5,G Line,Orange BRT,Train,22045.0,13360.0,9960.0,901
2009,6,G Line,Orange BRT,Train,21412.0,12739.0,10157.0,901
2009,7,G Line,Orange BRT,Train,20593.0,13006.0,10209.0,901
2009,8,G Line,Orange BRT,Train,20689.0,13054.0,10349.0,901
2009,9,G Line,Orange BRT,Train,24667.0,13996.0,10452.0,901
2009,10,G Line,Orange BRT,Train,23981.0,13823.0,10587.0,901
2009,11,G Line,Orange BRT,Train,23165.0,13035.0,9860.0,901
2009,12,G Line,Orange BRT,Train,20459.0,12660.0,9362.0,901
2010,1,G Line,Orange BRT,Train,19968.0,12851.0,9525.0,901
2010,2,G Line,Orange BRT,Train,23141.0,12849.0,10436.0,901
2010,3,G Line,Orange BRT,Train,23810.0,13696.0,11315.0,901
2010,4,G Line,Orange BRT,Train,23521.0,14200.0,10155.0,901
2010,5,G Line,Orange BRT,Train,24158.0,14487.0,10746.0,901
2010,6,G Line,Orange BRT,Train,21879.0,14140.0,10725.0,901
2010,7,G Line,Orange BRT,Train,21902.0,13415.0,10921.0,901
2010,8,G Line,Orange BRT,Train,21694.0,13880.0,10666.0,901
2010,9,G Line,Orange BRT,Train,25052.0,14125.0,10306.0,901
2010,10,G Line,Orange BRT,Train,23958.0,13520.0,10311.0,901
2010,11,G Line,Orange BRT,Train,23342.0,12161.0,9144.0,901
2010,12,G Line,Orange BRT,Train,19777.0,13051.0,8843.0,901
2011,1,G Line,Orange BRT,Train,21116.0,13082.0,9271.0,901
2011,2,G Line,Orange BRT,Train,24284.0,12928.0,10713.0,901
2011,3,G Line,Orange BRT,Train,24965.0,14021.0,9566.0,901
2011,4,G Line,Orange BRT,Train,24074.0,14727.0,10868.0,901
2011,5,G Line,Orange BRT,Train,25485.0,14844.0,11256.0,901
2011,6,G Line,Orange BRT,Train,22668.0,14886.0,11300.0,901
2011,7,G Line,Orange BRT,Train,22817.0,13817.0,10959.0,901
2011,8,G Line,Orange BRT,Train,22977.0,14187.0,11420.0,901
2011,9,G Line,Orange BRT,Train,26883.0,15327.0,11521.0,901
2011,10,G Line,Orange BRT,Train,26614.0,15376.0,11564.0,901
2011,11,G Line,Orange BRT,Train,25525.0,13723.0,9866.0,901
2011,12,G Line,Orange BRT,Train,22462.0,13510.0,11016.0,901
2012,1,G Line,Orange BRT,Train,23050.0,13999.0,10777.0,901
2012,2,G Line,Orange BRT,Train,27104.0,15622.0,11458.0,901
2012,3,G Line,Orange BRT,Train,27239.0,14961.0,10445.0,901
2012,4,G Line,Orange BRT,Train,25055.0,15355.0,11713.0,901
2012,5,G Line,Orange BRT,Train,26670.0,15986.0,11924.0,901
2012,6,G Line,Orange BRT,Train,24779.0,15182.0,11722.0,901
2012,7,G Line,Orange BRT,Train,26087.0,16999.0,13397.0,901
2012,8,G Line,Orange BRT,Train,27513.0,17776.0,13601.0,901
2012,9,G Line,Orange BRT,Train,31787.0,18542.0,13717.0,901
2012,10,G Line,Orange BRT,Train,32069.0,19396.0,14140.0,901
2012,11,G Line,Orange BRT,Train,29466.0,16866.0,13165.0,901
2012,12,G Line,Orange BRT,Train,25885.0,16522.0,12154.0,901
2013,1,G Line,Orange BRT,Train,26162.0,16488.0,12357.0,901
2013,2,G Line,Orange BRT,Train,30959.0,17646.0,13748.0,901
2013,3,G Line,Orange BRT,Train,30608.0,18372.0,14103.0,901
2013,4,G Line,Orange BRT,Train,30231.0,18266.0,13844.0,901
2013,5,G Line,Orange BRT,Train,31019.0,18712.0,14547.0,901
2013,6,G Line,Orange BRT,Train,27683.0,17465.0,14043.0,901
2013,7,G Line,Orange BRT,Train,27152.0,17179.0,14302.0,901
2013,8,G Line,Orange BRT,Train,28101.0,17678.0,14269.0,901
2013,9,G Line,Orange BRT,Train,31904.0,18043.0,13866.0,901
2013,10,G Line,Orange BRT,Train,31780.0,18395.0,14061.0,901
2013,11,G Line,Orange BRT,Train,29475.0,17921.0,13136.0,901
2013,12,G Line,Orange BRT,Train,25640.0,15686.0,12510.0,901
2014,1,G Line,Orange BRT,Train,24765.0,15577.0,11439.0,901
2014,2,G Line,Orange BRT,Train,30164.0,18030.0,13483.0,901
2014,3,G Line,Orange BRT,Train,31303.0,17836.0,14005.0,901
2014,4,G Line,Orange BRT,Train,29181.0,17922.0,13323.0,901
2014,5,G Line,Orange BRT,Train,29759.0,17603.0,13881.0,901
2014,6,G Line,Orange BRT,Train,25873.0,16922.0,12976.0,901
2014,7,G Line,Orange BRT,Train,25018.0,15433.0,13096.0,901
2014,8,G Line,Orange BRT,Train,25180.0,15838.0,12384.0,901
2014,9,G Line,Orange BRT,Train,30280.0,15971.0,12322.0,901
2014,10,G Line,Orange BRT,Train,30423.0,16313.0,12763.0,901
2014,11,G Line,Orange BRT,Train,28714.0,16271.0,11909.0,901
2014,12,G Line,Orange BRT,Train,25369.0,16798.0,11632.0,901
2015,1,G Line,Orange BRT,Train,25895.0,15709.0,11703.0,901
2015,2,G Line,Orange BRT,Train,29722.0,16758.0,12646.0,901
2015,3,G Line,Orange BRT,Train,29845.0,17383.0,12321.0,901
2015,4,G Line,Orange BRT,Train,28021.0,16337.0,12326.0,901
2015,5,G Line,Orange BRT,Train,27819.0,16193.0,12818.0,901
2015,6,G Line,Orange BRT,Train,25108.0,15688.0,12446.0,901
2015,7,G Line,Orange BRT,Train,24617.0,14296.0,12307.0,901
2015,8,G Line,Orange BRT,Train,24793.0,15115.0,12014.0,901
2015,9,G Line,Orange BRT,Train,29092.0,16032.0,12258.0,901
2015,10,G Line,Orange BRT,Train,28937.0,16251.0,11900.0,901
2015,11,G Line,Orange BRT,Train,26692.0,15126.0,11352.0,901
2015,12,G Line,Orange BRT,Train,24077.0,14486.0,10476.0,901
2016,1,G Line,Orange BRT,Train,23158.0,13808.0,10307.0,901
2016,2,G Line,Orange BRT,Train,27023.0,15608.0,12144.0,901
2016,3,G Line,Orange BRT,Train,26516.0,15587.0,11736.0,901
2016,4,G Line,Orange BRT,Train,25970.0,15039.0,11516.0,901
2016,5,G Line,Orange BRT,Train,25979.0,15042.0,11619.0,901
2016,6,G Line,Orange BRT,Train,23419.0,14239.0,11271.0,901
2016,7,G Line,Orange BRT,Train,22469.0,14261.0,11378.0,901
2016,8,G Line,Orange BRT,Train,23119.0,14583.0,11686.0,901
2016,9,G Line,Orange BRT,Train,26711.0,14545.0,10861.0,901
2016,10,G Line,Orange BRT,Train,26447.0,15280.0,11067.0,901
2016,11,G Line,Orange BRT,Train,25473.0,13887.0,10516.0,901
2016,12,G Line,Orange BRT,Train,21877.0,12930.0,10081.0,901
2017,1,G Line,Orange BRT,Train,22045.0,13183.0,9872.0,901
2017,2,G Line,Orange BRT,Train,24399.0,13219.0,10188.0,901
2017,3,G Line,Orange BRT,Train,25559.0,14306.0,11178.0,901
2017,4,G Line,Orange BRT,Train,24928.0,15102.0,11128.0,901
2017,5,G Line,Orange BRT,Train,25203.0,14208.0,10927.0,901
2017,6,G Line,Orange BRT,Train,22764.0,14211.0,11162.0,901
2017,7,G Line,Orange BRT,Train,22043.0,13728.0,10937.0,901
2017,8,G Line,Orange BRT,Train,22714.0,13671.0,10578.0,901
2017,9,G Line,Orange BRT,Train,25138.0,13599.0,10656.0,901
2017,10,G Line,Orange BRT,Train,25264.0,13996.0,10851.0,901
2017,11,G Line,Orange BRT,Train,24009.0,13101.0,10381.0,901
2017,12,G Line,Orange BRT,Train,20817.0,12845.0,9252.0,901
2018,1,G Line,Orange BRT,Train,21519.0,12406.0,9505.0,901
2018,2,G Line,Orange BRT,Train,23722.0,12933.0,10308.0,901
2018,3,G Line,Orange BRT,Train,22612.0,12120.0,10238.0,901
2018,7,G Line,Orange BRT,Train,20515.0,12305.0,10209.0,901
2018,8,G Line,Orange BRT,Train,21788.0,12739.0,10310.0,901
2018,9,G Line,Orange BRT,Train,24158.0,12811.0,10311.0,901
2018,10,G Line,Orange BRT,Train,24425.0,12616.0,10337.0,901
2018,11,G Line,Orange BRT,Train,22723.0,11941.0,10227.0,901
2018,12,G Line,Orange BRT,Train,20028.0,12429.0,9567.0,901
2019,1,G Line,Orange BRT,Train,20308.0,11540.0,9520.0,901
2019,2,G Line,Orange BRT,Train,22656.0,11524.0,9105.0,901
2019,3,G Line,Orange BRT,Train,22805.0,12244.0,10072.0,901
2019,4,G Line,Orange BRT,Train,22581.0,12899.0,10118.0,901
2019,5,G Line,Orange BRT,Train,22836.0,13152.0,10072.0,901
2019,6,G Line,Orange BRT,Train,20651.0,13084.0,10306.0,901
2019,7,G Line,Orange BRT,Train,19834.0,11972.0,10289.0,901
2019,8,G Line,Orange BRT,Train,20483.0,12121.0,9903.0,901
2019,9,G Line,Orange BRT,Train,23229.0,12154.0,9819.0,901
2019,10,G Line,Orange BRT,Train,23356.0,12491.0,10172.0,901
2019,11,G Line,Orange BRT,Train,21690.0,11560.0,9096.0,901
2019,12,G Line,Orange BRT,Train,19179.0,11392.0,8565.0,901
2020,1,G Line,Orange BRT,Train,19932.0,11447.0,9296.0,901
2020,2,G Line,Orange BRT,Train,22256.0,12056.0,9725.0,901
2020,3,G Line,Orange BRT,Train,14552.0,8431.0,7349.0,901
2020,4,G Line,Orange BRT,Train,6256.0,5008.0,4239.0,901
2020,5,G Line,Orange BRT,Train,7317.0,5721.0,4841.0,901
2020,6,G Line,Orange BRT,Train,8302.0,6837.0,5845.0,901
2020,7,G Line,Orange BRT,Train,8320.0,6702.0,6738.0,901
2020,8,G Line,Orange BRT,Train,8454.0,6799.0,5450.0,901
2020,9,G Line,Orange BRT,Train,8819.0,6943.0,5677.0,901
2020,10,G Line,Orange BRT,Train,8875.0,7138.0,5908.0,901
2020,11,G Line,Orange BRT,Train,8789.0,6846.0,5740.0,901
2020,12,G Line,Orange BRT,Train,8102.0,6572.0,5297.0,901
2021,1,G Line,Orange BRT,Train,7929.0,6290.0,5309.0,901
2021,2,G Line,Orange BRT,Train,8413.0,6831.0,5762.0,901
2021,3,G Line,Orange BRT,Train,8579.0,7095.0,5976.0,901
2021,4,G Line,Orange BRT,Train,9235.0,7354.0,6255.0,901
2021,5,G Line,Orange BRT,Train,9766.0,7796.0,6692.0,901
2021,6,G Line,Orange BRT,Train,9999.0,8042.0,6661.0,901
2021,7,G Line,Orange BRT,Train,10766.0,8194.0,7180.0,901
2021,8,G Line,Orange BRT,Train,11270.0,8050.0,6882.0,901
2021,9,G Line,Orange BRT,Train,11376.0,7898.0,6828.0,901
2021,10,G Line,Orange BRT,Train,11990.0,8136.0,6931.0,901
2021,11,G Line,Orange BRT,Train,11874.0,8331.0,6631.0,901
2021,12,G Line,Orange BRT,Train,10276.0,,6151.0,901
2022,1,G Line,Orange BRT,Train,10359.0,7607.0,6167.0,901
2022,2,G Line,Orange BRT,Train,12098.0,8374.0,6977.0,901
2022,3,G Line,Orange BRT,Train,12718.0,8824.0,7149.0,901
2022,4,G Line,Orange BRT,Train,12711.0,8858.0,7183.0,901
2022,5,G Line,Orange BRT,Train,13062.0,8905.0,7448.0,901
2022,6,G Line,Orange BRT,Train,12527.0,9143.0,7467.0,901
2022,7,G Line,Orange BRT,Train,12328.0,8703.0,7435.0,901
2022,8,G Line,Orange BRT,Train,13130.0,9112.0,7798.0,901
2022,9,G Line,Orange BRT,Train,14384.0,9300.0,7834.0,901
2022,10,G Line,Orange BRT,Train,14392.0,9463.0,7643.0,901
2022,11,G Line,Orange BRT,Train,13843.0,9427.0,7506.0,901
2022,12,G Line,Orange BRT,Train,12756.0,8289.0,7137.0,901
2023,1,G Line,Orange BRT,Train,12723.0,8543.0,7493.0,901
2023,2,G Line,Orange BRT,Train,14102.0,8729.0,8418.0,901
2023,3,G Line,Orange BRT,Train,13628.0,8990.0,8032.0,901
2023,4,G Line,Orange BRT,Train,14109.0,9648.0,8115.0,901
2023,5,G Line,Orange BRT,Train,13787.0,9343.0,8307.0,901
2023,6,G Line,Orange BRT,Train,13173.0,9251.0,7993.0,901
2023,7,G Line,Orange BRT,Train,12760.0,9118.0,7842.0,901
2023,8,G Line,Orange BRT,Train,13406.0,9215.0,7372.0,901
2023,9,G Line,Orange BRT,Train,14689.0,9153.0,8302.0,901
2023,10,G Line,Orange BRT,Train,14524.0,9417.0,7845.0,901
2023,11,G Line,Orange BRT,Train,14252.0,9023.0,7843.0,901
2023,12,G Line,Orange BRT,Train,12745.0,8794.0,7061.0,901
2024,1,G Line,Orange BRT,Train,12846.0,8607.0,7144.0,901
2024,2,G Line,Orange BRT,Train,13624.0,9545.0,7425.0,901
2024,3,G Line,Orange BRT,Train,14370.0,8184.0,7587.0,901
2024,4,G Line,Orange BRT,Train,14169.0,8798.0,7675.0,901
2024,5,G Line,Orange BRT,Train,14036.0,9135.0,7913.0,901
2024,6,G Line,Orange BRT,Train,13016.0,9510.0,7856.0,901
2024,7,G Line,Orange BRT,Train,12260.0,8719.0,7622.0,901
2024,8,G Line,Orange BRT,Train,13325.0,8902.0,7628.0,901
2024,9,G Line,Orange BRT,Train,15475.0,9318.0,7873.0,901
2024,10,G Line,Orange BRT,Train,14981.0,9783.0,7833.0,901
2024,11,G Line,Orange BRT,Train,14034.0,9094.0,7569.0,901
2024,12,G Line,Orange BRT,Train,12878.0,9095.0,7583.0,901
2025,1,G Line,Orange BRT,Train,12336.0,8217.0,6668.0,901
2025,2,G Line,Orange BRT,Train,13225.0,8698.0,7592.0,901
2025,3,G Line,Orange BRT,Train,12938.0,8158.0,7132.0,901
2025,4,G Line,Orange BRT,Train,12851.0,8399.0,7297.0,901
2025,5,G Line,Orange BRT,Train,13200.0,8063.0,7250.0,901
2025,6,G Line,Orange BRT,Train,11734.0,8000.0,7027.0,901
2009,12,J Line,Silver Line,Train,4208.0,969.0,1335.0,910
2010,1,J Line,Silver Line,Train,6612.0,2231.0,1411.0,910
2010,2,J Line,Silver Line,Train,6974.0,2489.0,1768.0,910
2010,3,J Line,Silver Line,Train,7170.0,2566.0,1805.0,910
2010,4,J Line,Silver Line,Train,7173.0,2860.0,1744.0,910
2010,5,J Line,Silver Line,Train,7422.0,2758.0,1895.0,910
2010,6,J Line,Silver Line,Train,7227.0,2880.0,1929.0,910
2010,7,J Line,Silver Line,Train,7488.0,2815.0,2045.0,910
2010,8,J Line,Silver Line,Train,7487.0,2811.0,1919.0,910
2010,9,J Line,Silver Line,Train,7741.0,2788.0,2018.0,910
2010,10,J Line,Silver Line,Train,8118.0,2892.0,2044.0,910
2010,11,J Line,Silver Line,Train,7522.0,2304.0,1474.0,910
2010,12,J Line,Silver Line,Train,6714.0,2142.0,1553.0,910
2011,1,J Line,Silver Line,Train,8049.0,2800.0,1701.0,910
2011,2,J Line,Silver Line,Train,8304.0,2595.0,1918.0,910
2011,3,J Line,Silver Line,Train,8540.0,2836.0,1804.0,910
2011,4,J Line,Silver Line,Train,9086.0,2900.0,2041.0,910
2011,5,J Line,Silver Line,Train,9329.0,3004.0,1952.0,910
2011,6,J Line,Silver Line,Train,8892.0,2919.0,1973.0,910
2011,7,J Line,Silver Line,Train,9480.0,3746.0,2294.0,910
2011,8,J Line,Silver Line,Train,9730.0,3825.0,2517.0,910
2011,9,J Line,Silver Line,Train,10414.0,3852.0,2454.0,910
2011,10,J Line,Silver Line,Train,11234.0,4095.0,2433.0,910
2011,11,J Line,Silver Line,Train,10648.0,3615.0,2243.0,910
2011,12,J Line,Silver Line,Train,9386.0,3473.0,2443.0,910
2012,1,J Line,Silver Line,Train,10601.0,3815.0,2512.0,910
2012,2,J Line,Silver Line,Train,11089.0,4117.0,2555.0,910
2012,3,J Line,Silver Line,Train,11157.0,3752.0,2285.0,910
2012,4,J Line,Silver Line,Train,11241.0,4099.0,2642.0,910
2012,5,J Line,Silver Line,Train,11419.0,4218.0,2679.0,910
2012,6,J Line,Silver Line,Train,10901.0,4297.0,3005.0,910
2012,7,J Line,Silver Line,Train,11206.0,4529.0,3093.0,910
2012,8,J Line,Silver Line,Train,11449.0,4441.0,3168.0,910
2012,9,J Line,Silver Line,Train,12197.0,4757.0,3109.0,910
2012,10,J Line,Silver Line,Train,13765.0,5235.0,3782.0,910
2012,11,J Line,Silver Line,Train,13515.0,4832.0,3437.0,910
2012,12,J Line,Silver Line,Train,11237.0,4570.0,3047.0,910
2013,1,J Line,Silver Line,Train,12422.0,4847.0,3159.0,910
2013,2,J Line,Silver Line,Train,12951.0,5357.0,3539.0,910
2013,3,J Line,Silver Line,Train,12482.0,5203.0,3597.0,910
2013,4,J Line,Silver Line,Train,12873.0,5367.0,3484.0,910
2013,5,J Line,Silver Line,Train,12799.0,5533.0,3708.0,910
2013,6,J Line,Silver Line,Train,12311.0,5539.0,3610.0,910
2013,7,J Line,Silver Line,Train,12344.0,5435.0,3878.0,910
2013,8,J Line,Silver Line,Train,12597.0,5379.0,3951.0,910
2013,9,J Line,Silver Line,Train,13124.0,5479.0,3711.0,910
2013,10,J Line,Silver Line,Train,14466.0,5986.0,3874.0,910
2013,11,J Line,Silver Line,Train,13466.0,5875.0,3671.0,910
2013,12,J Line,Silver Line,Train,12197.0,5591.0,3756.0,910
2014,1,J Line,Silver Line,Train,13859.0,5770.0,4084.0,910
2014,2,J Line,Silver Line,Train,14255.0,6011.0,4152.0,910
2014,3,J Line,Silver Line,Train,14143.0,5722.0,4266.0,910
2014,4,J Line,Silver Line,Train,14483.0,6433.0,4534.0,910
2014,5,J Line,Silver Line,Train,14763.0,6089.0,4380.0,910
2014,6,J Line,Silver Line,Train,13411.0,5896.0,4439.0,910
2014,7,J Line,Silver Line,Train,13724.0,5762.0,4601.0,910
2014,8,J Line,Silver Line,Train,13765.0,6084.0,4825.0,910
2014,9,J Line,Silver Line,Train,14429.0,6093.0,4541.0,910
2014,10,J Line,Silver Line,Train,15514.0,6330.0,4434.0,910
2014,11,J Line,Silver Line,Train,14808.0,5906.0,4317.0,910
2014,12,J Line,Silver Line,Train,12935.0,5526.0,4117.0,910
2015,1,J Line,Silver Line,Train,14441.0,5535.0,3804.0,910
2015,2,J Line,Silver Line,Train,15213.0,5817.0,4126.0,910
2015,3,J Line,Silver Line,Train,15055.0,6244.0,4251.0,910
2015,4,J Line,Silver Line,Train,15321.0,6256.0,4612.0,910
2015,5,J Line,Silver Line,Train,15017.0,6059.0,4471.0,910
2015,6,J Line,Silver Line,Train,14198.0,6169.0,4791.0,910
2015,7,J Line,Silver Line,Train,14088.0,6153.0,4708.0,910
2015,8,J Line,Silver Line,Train,14117.0,5897.0,4670.0,910
2015,9,J Line,Silver Line,Train,14763.0,5914.0,4330.0,910
2015,10,J Line,Silver Line,Train,15990.0,6233.0,4468.0,910
2015,11,J Line,Silver Line,Train,14961.0,6314.0,4331.0,910
2015,12,J Line,Silver Line,Train,13833.0,5637.0,4065.0,910
2016,1,J Line,Silver Line,Train,16120.0,6130.0,4489.0,910
2016,2,J Line,Silver Line,Train,16884.0,6414.0,4917.0,910
2016,3,J Line,Silver Line,Train,15914.0,5959.0,4429.0,910
2016,4,J Line,Silver Line,Train,16321.0,6119.0,4425.0,910
2016,5,J Line,Silver Line,Train,16355.0,5842.0,4509.0,910
2016,6,J Line,Silver Line,Train,15590.0,5837.0,4483.0,910
2016,7,J Line,Silver Line,Train,14194.0,5710.0,4436.0,910
2016,8,J Line,Silver Line,Train,14672.0,5892.0,4354.0,910
2016,9,J Line,Silver Line,Train,16278.0,5982.0,4454.0,910
2016,10,J Line,Silver Line,Train,15895.0,5782.0,4001.0,910
2016,11,J Line,Silver Line,Train,14878.0,5568.0,4212.0,910
2016,12,J Line,Silver Line,Train,12632.0,4814.0,4004.0,910
2017,1,J Line,Silver Line,Train,13269.0,5573.0,3857.0,910
2017,2,J Line,Silver Line,Train,14982.0,5166.0,3968.0,910
2017,3,J Line,Silver Line,Train,15229.0,5802.0,4146.0,910
2017,4,J Line,Silver Line,Train,15654.0,5675.0,4254.0,910
2017,5,J Line,Silver Line,Train,14930.0,5492.0,4171.0,910
2017,6,J Line,Silver Line,Train,13704.0,5387.0,4013.0,910
2017,7,J Line,Silver Line,Train,14238.0,6247.0,4934.0,910
2017,8,J Line,Silver Line,Train,15252.0,6667.0,5137.0,910
2017,9,J Line,Silver Line,Train,16708.0,6693.0,5142.0,910
2017,10,J Line,Silver Line,Train,16311.0,6758.0,5114.0,910
2017,11,J Line,Silver Line,Train,15388.0,6116.0,4831.0,910
2017,12,J Line,Silver Line,Train,13123.0,5794.0,4775.0,910
2018,1,J Line,Silver Line,Train,13914.0,6171.0,4604.0,910
2018,2,J Line,Silver Line,Train,15541.0,6095.0,4795.0,910
2018,3,J Line,Silver Line,Train,14684.0,5714.0,4672.0,910
2018,7,J Line,Silver Line,Train,14092.0,6328.0,5166.0,910
2018,8,J Line,Silver Line,Train,15094.0,6786.0,5273.0,910
2018,9,J Line,Silver Line,Train,16922.0,6764.0,5780.0,910
2018,10,J Line,Silver Line,Train,16853.0,6723.0,5554.0,910
2018,11,J Line,Silver Line,Train,15188.0,6396.0,5285.0,910
2018,12,J Line,Silver Line,Train,13201.0,6375.0,4939.0,910
2019,1,J Line,Silver Line,Train,13851.0,6003.0,4688.0,910
2019,2,J Line,Silver Line,Train,16581.0,6230.0,4923.0,910
2019,3,J Line,Silver Line,Train,16850.0,6934.0,5516.0,910
2019,4,J Line,Silver Line,Train,16703.0,6815.0,5728.0,910
2019,5,J Line,Silver Line,Train,16269.0,6976.0,5284.0,910
2019,6,J Line,Silver Line,Train,16015.0,7334.0,5832.0,910
2019,7,J Line,Silver Line,Train,16806.0,7618.0,6401.0,910
2019,8,J Line,Silver Line,Train,18310.0,8212.0,6503.0,910
2019,9,J Line,Silver Line,Train,21267.0,8508.0,7072.0,910
2019,10,J Line,Silver Line,Train,22347.0,9252.0,7549.0,910
2019,11,J Line,Silver Line,Train,19203.0,8095.0,5961.0,910
2019,12,J Line,Silver Line,Train,16451.0,7268.0,5780.0,910
2020,1,J Line,Silver Line,Train,17213.0,7395.0,5425.0,910
2020,2,J Line,Silver Line,Train,19277.0,7575.0,5584.0,910
2020,3,J Line,Silver Line,Train,11604.0,4603.0,4201.0,910
2020,4,J Line,Silver Line,Train,3955.0,2750.0,2305.0,910
2020,5,J Line,Silver Line,Train,4448.0,3371.0,2943.0,910
2020,6,J Line,Silver Line,Train,5166.0,4044.0,3420.0,910
2020,7,J Line,Silver Line,Train,6030.0,4359.0,4430.0,910
2020,8,J Line,Silver Line,Train,6288.0,4425.0,3904.0,910
2020,9,J Line,Silver Line,Train,6546.0,4545.0,3765.0,910
2020,10,J Line,Silver Line,Train,6679.0,4692.0,4018.0,910
2020,11,J Line,Silver Line,Train,6666.0,4242.0,3619.0,910
2020,12,J Line,Silver Line,Train,6146.0,4265.0,3451.0,910
2021,1,J Line,Silver Line,Train,5960.0,4053.0,3384.0,910
2021,2,J Line,Silver Line,Train,6628.0,4684.0,4024.0,910
2021,3,J Line,Silver Line,Train,6861.0,4714.0,4039.0,910
2021,4,J Line,Silver Line,Train,7399.0,4998.0,4179.0,910
2021,5,J Line,Silver Line,Train,7679.0,5207.0,4354.0,910
2021,6,J Line,Silver Line,Train,8190.0,5713.0,4720.0,910
2021,7,J Line,Silver Line,Train,8850.0,5824.0,4622.0,910
2021,8,J Line,Silver Line,Train,10227.0,6736.0,5607.0,910
2021,9,J Line,Silver Line,Train,11628.0,6512.0,5215.0,910
2021,10,J Line,Silver Line,Train,11842.0,6720.0,5687.0,910
2021,11,J Line,Silver Line,Train,11801.0,7118.0,5567.0,910
2021,12,J Line,Silver Line,Train,10320.0,,5138.0,910
2022,1,J Line,Silver Line,Train,8876.0,5360.0,4491.0,910
2022,2,J Line,Silver Line,Train,10940.0,6239.0,5082.0,910
2022,3,J Line,Silver Line,Train,11677.0,6758.0,5204.0,910
2022,4,J Line,Silver Line,Train,12093.0,6569.0,5083.0,910
2022,5,J Line,Silver Line,Train,11604.0,6406.0,5210.0,910
2022,6,J Line,Silver Line,Train,10500.0,6501.0,5349.0,910
2022,7,J Line,Silver Line,Train,11184.0,6806.0,5461.0,910
2022,8,J Line,Silver Line,Train,12719.0,6857.0,5498.0,910
2022,9,J Line,Silver Line,Train,14672.0,7264.0,5550.0,910
2022,10,J Line,Silver Line,Train,15063.0,7478.0,6065.0,910
2022,11,J Line,Silver Line,Train,13629.0,7543.0,5776.0,910
2022,12,J Line,Silver Line,Train,12079.0,6215.0,5296.0,910
2023,1,J Line,Silver Line,Train,12424.0,6387.0,5217.0,910
2023,2,J Line,Silver Line,Train,14441.0,6741.0,5698.0,910
2023,3,J Line,Silver Line,Train,14020.0,7344.0,5963.0,910
2023,4,J Line,Silver Line,Train,15030.0,7947.0,6267.0,910
2023,5,J Line,Silver Line,Train,14760.0,7806.0,6274.0,910
2023,6,J Line,Silver Line,Train,13720.0,7789.0,6420.0,910
2023,7,J Line,Silver Line,Train,13324.0,7844.0,6353.0,910
2023,8,J Line,Silver Line,Train,14665.0,8230.0,5904.0,910
2023,9,J Line,Silver Line,Train,16641.0,8255.0,6693.0,910
2023,10,J Line,Silver Line,Train,16863.0,8622.0,6832.0,910
2023,11,J Line,Silver Line,Train,15689.0,8342.0,6496.0,910
2023,12,J Line,Silver Line,Train,14030.0,7880.0,6104.0,910
2024,1,J Line,Silver Line,Train,14367.0,7375.0,6137.0,910
2024,2,J Line,Silver Line,Train,15421.0,8267.0,6315.0,910
2024,3,J Line,Silver Line,Train,16579.0,7809.0,6856.0,910
2024,4,J Line,Silver Line,Train,16313.0,8466.0,7045.0,910
2024,5,J Line,Silver Line,Train,15967.0,8498.0,7319.0,910
2024,6,J Line,Silver Line,Train,14345.0,8559.0,7130.0,910
2024,7,J Line,Silver Line,Train,14732.0,8840.0,7234.0,910
2024,8,J Line,Silver Line,Train,16062.0,8980.0,7510.0,910
2024,9,J Line,Silver Line,Train,17994.0,9136.0,7469.0,910
2024,10,J Line,Silver Line,Train,18093.0,9737.0,7818.0,910
2024,11,J Line,Silver Line,Train,16746.0,9134.0,7303.0,910
2024,12,J Line,Silver Line,Train,15015.0,8836.0,6966.0,910
2025,1,J Line,Silver Line,Train,15056.0,8537.0,6845.0,910
2025,2,J Line,Silver Line,Train,16617.0,8923.0,7180.0,910
2025,3,J Line,Silver Line,Train,16518.0,9242.0,7540.0,910
2025,4,J Line,Silver Line,Train,16534.0,9146.0,7787.0,910
2025,5,J Line,Silver Line,Train,16106.0,8837.0,7442.0,910
2025,6,J Line,Silver Line,Train,13569.0,8259.0,7071.0,910
2022,10,K Line,Crenshaw/LAX,Train,3023.0,3864.0,3812.0,807
2022,11,K Line,Crenshaw/LAX,Train,2742.0,2292.0,2124.0,807
2022,12,K Line,Crenshaw/LAX,Train,2732.0,2131.0,2101.0,807
2023,1,K Line,Crenshaw/LAX,Train,2896.0,2285.0,2096.0,807
2023,2,K Line,Crenshaw/LAX,Train,2866.0,2445.0,2059.0,807
2023,3,K Line,Crenshaw/LAX,Train,2929.0,2379.0,2086.0,807
2023,4,K Line,Crenshaw/LAX,Train,3076.0,2457.0,2271.0,807
2023,5,K Line,Crenshaw/LAX,Train,2855.0,2401.0,2132.0,807
2023,6,K Line,Crenshaw/LAX,Train,2958.0,2479.0,1979.0,807
2023,7,K Line,Crenshaw/LAX,Train,2744.0,2430.0,2119.0,807
2023,8,K Line,Crenshaw/LAX,Train,3109.0,2525.0,2019.0,807
2023,9,K Line,Crenshaw/LAX,Train,3045.0,2621.0,2359.0,807
2023,10,K Line,Crenshaw/LAX,Train,2948.0,3292.0,2494.0,807
2023,11,K Line,Crenshaw/LAX,Train,2763.0,2322.0,2054.0,807
2023,12,K Line,Crenshaw/LAX,Train,2806.0,2300.0,2181.0,807
2024,1,K Line,Crenshaw/LAX,Train,2757.0,1890.0,1854.0,807
2024,2,K Line,Crenshaw/LAX,Train,2796.0,2251.0,1896.0,807
2024,3,K Line,Crenshaw/LAX,Train,3118.0,2298.0,2039.0,807
2024,4,K Line,Crenshaw/LAX,Train,3170.0,2557.0,1742.0,807
2024,5,K Line,Crenshaw/LAX,Train,3136.0,2433.0,2299.0,807
2024,6,K Line,Crenshaw/LAX,Train,3305.0,2584.0,2119.0,807
2024,7,K Line,Crenshaw/LAX,Train,3058.0,2603.0,2425.0,807
2024,8,K Line,Crenshaw/LAX,Train,3248.0,2996.0,2583.0,807
2024,9,K Line,Crenshaw/LAX,Train,3313.0,2426.0,2226.0,807
2024,10,K Line,Crenshaw/LAX,Train,3692.0,3822.0,2770.0,807
2024,11,K Line,Crenshaw/LAX,Train,6846.0,4644.0,4320.0,807
2024,12,K Line,Crenshaw/LAX,Train,6005.0,4470.0,4131.0,807
2025,1,K Line,Crenshaw/LAX,Train,5761.0,4138.0,3718.0,807
2025,2,K Line,Crenshaw/LAX,Train,5838.0,4165.0,3910.0,807
2025,3,K Line,Crenshaw/LAX,Train,5665.0,4167.0,3561.0,807
2025,4,K Line,Crenshaw/LAX,Train,5673.0,4483.0,3441.0,807
2025,5,K Line,Crenshaw/LAX,Train,6176.0,4164.0,3880.0,807
2025,6,K Line,Crenshaw/LAX,Train,7916.0,7723.0,6673.0,807
2012,5,L Line,Gold Line,Train,11347.0,9000.0,7000.0,806
2012,6,L Line,Gold Line,Train,16569.0,10612.0,8674.0,806
2012,7,L Line,Gold Line,Train,18181.0,11930.0,11322.0,806
2012,8,L Line,Gold Line,Train,19776.0,12569.0,10722.0,806
2012,9,L Line,Gold Line,Train,20656.0,12953.0,12142.0,806
2012,10,L Line,Gold Line,Train,21382.0,13279.0,13146.0,806
2012,11,L Line,Gold Line,Train,22066.0,13401.0,13622.0,806
2012,12,L Line,Gold Line,Train,23193.0,15654.0,14141.0,806
2013,1,L Line,Gold Line,Train,24175.0,17534.0,14501.0,806
2013,2,L Line,Gold Line,Train,25295.0,19200.0,14801.0,806
2013,3,L Line,Gold Line,Train,25983.0,19848.0,14782.0,806
2013,4,L Line,Gold Line,Train,25731.0,19154.0,14631.0,806
2013,5,L Line,Gold Line,Train,26663.0,18604.0,14299.0,806
2013,6,L Line,Gold Line,Train,26894.0,19161.0,13904.0,806
2013,7,L Line,Gold Line,Train,26908.0,19265.0,14470.0,806
2013,8,L Line,Gold Line,Train,27280.0,20063.0,15014.0,806
2013,9,L Line,Gold Line,Train,27269.0,19634.0,15036.0,806
2013,10,L Line,Gold Line,Train,27603.0,19727.0,14322.0,806
2013,11,L Line,Gold Line,Train,27679.0,21936.0,16244.0,806
2013,12,L Line,Gold Line,Train,27360.0,21194.0,16032.0,806
2014,1,L Line,Gold Line,Train,27155.0,22807.0,15631.0,806
2014,2,L Line,Gold Line,Train,28152.0,22902.0,15645.0,806
2014,3,L Line,Gold Line,Train,28462.0,23151.0,15469.0,806
2014,4,L Line,Gold Line,Train,29623.0,23719.0,15298.0,806
2014,5,L Line,Gold Line,Train,30404.0,23391.0,14686.0,806
2014,6,L Line,Gold Line,Train,31031.0,23752.0,14597.0,806
2014,7,L Line,Gold Line,Train,31710.0,22828.0,14996.0,806
2014,8,L Line,Gold Line,Train,31549.0,22612.0,16112.0,806
2014,9,L Line,Gold Line,Train,31850.0,23278.0,16563.0,806
2014,10,L Line,Gold Line,Train,31362.0,23752.0,16729.0,806
2014,11,L Line,Gold Line,Train,30679.0,22941.0,16578.0,806
2014,12,L Line,Gold Line,Train,30262.0,22751.0,16997.0,806
2015,1,L Line,Gold Line,Train,30137.0,22513.0,16489.0,806
2015,2,L Line,Gold Line,Train,30191.0,22221.0,16055.0,806
2015,3,L Line,Gold Line,Train,30000.0,21432.0,16009.0,806
2015,4,L Line,Gold Line,Train,29917.0,20628.0,16254.0,806
2015,5,L Line,Gold Line,Train,29801.0,20767.0,16169.0,806
2015,6,L Line,Gold Line,Train,30507.0,21864.0,16185.0,806
2015,7,L Line,Gold Line,Train,30685.0,22321.0,16729.0,806
2015,8,L Line,Gold Line,Train,30221.0,22974.0,17027.0,806
2015,9,L Line,Gold Line,Train,30163.0,23287.0,16999.0,806
2015,10,L Line,Gold Line,Train,30315.0,22398.0,17066.0,806
2015,11,L Line,Gold Line,Train,30830.0,22364.0,17318.0,806
2015,12,L Line,Gold Line,Train,30371.0,22142.0,16321.0,806
2016,1,L Line,Gold Line,Train,30510.0,21156.0,15464.0,806
2016,2,L Line,Gold Line,Train,30785.0,21671.0,15701.0,806
2016,3,L Line,Gold Line,Train,30386.0,21074.0,15144.0,806
2016,4,L Line,Gold Line,Train,29047.0,21945.0,15965.0,806
2016,5,L Line,Gold Line,Train,39237.0,31759.0,34055.0,806
2016,6,L Line,Gold Line,Train,45876.0,34844.0,35995.0,806
2016,7,L Line,Gold Line,Train,43199.0,34440.0,31617.0,806
2016,8,L Line,Gold Line,Train,43015.0,35560.0,32503.0,806
2016,9,L Line,Gold Line,Train,41518.0,34361.0,31784.0,806
2016,10,L Line,Gold Line,Train,42344.0,33266.0,30838.0,806
2016,11,L Line,Gold Line,Train,47544.0,33074.0,34374.0,806
2016,12,L Line,Gold Line,Train,54073.0,34742.0,43819.0,806
2017,1,L Line,Gold Line,Train,53473.0,32177.0,44252.0,806
2017,2,L Line,Gold Line,Train,55388.0,31018.0,38625.0,806
2017,3,L Line,Gold Line,Train,59931.0,32212.0,40340.0,806
2017,4,L Line,Gold Line,Train,57176.0,33992.0,38822.0,806
2017,5,L Line,Gold Line,Train,60972.0,34763.0,32198.0,806
2017,6,L Line,Gold Line,Train,64164.0,35513.0,31706.0,806
2017,7,L Line,Gold Line,Train,63385.0,35844.0,31675.0,806
2017,8,L Line,Gold Line,Train,60578.0,38837.0,31718.0,806
2017,9,L Line,Gold Line,Train,58975.0,39211.0,30879.0,806
2017,10,L Line,Gold Line,Train,58803.0,35735.0,31658.0,806
2017,11,L Line,Gold Line,Train,61202.0,39215.0,29166.0,806
2017,12,L Line,Gold Line,Train,61420.0,38535.0,30381.0,806
2018,1,L Line,Gold Line,Train,60564.0,35923.0,28805.0,806
2018,2,L Line,Gold Line,Train,61201.0,36631.0,31356.0,806
2018,3,L Line,Gold Line,Train,60625.0,37172.0,30255.0,806
2018,7,L Line,Gold Line,Train,60432.0,37499.0,34203.0,806
2018,8,L Line,Gold Line,Train,60936.0,37815.0,34543.0,806
2018,9,L Line,Gold Line,Train,61356.0,38158.0,36388.0,806
2018,10,L Line,Gold Line,Train,61957.0,36986.0,34422.0,806
2018,11,L Line,Gold Line,Train,62935.0,37687.0,32468.0,806
2018,12,L Line,Gold Line,Train,62383.0,36405.0,31558.0,806
2019,1,L Line,Gold Line,Train,61572.0,34958.0,29833.0,806
2019,2,L Line,Gold Line,Train,61104.0,34209.0,30366.0,806
2019,3,L Line,Gold Line,Train,61828.0,34302.0,31231.0,806
2019,4,L Line,Gold Line,Train,62135.0,33631.0,30619.0,806
2019,5,L Line,Gold Line,Train,61372.0,33841.0,30530.0,806
2019,6,L Line,Gold Line,Train,61045.0,33387.0,30197.0,806
2019,7,L Line,Gold Line,Train,58521.0,33855.0,29800.0,806
2019,8,L Line,Gold Line,Train,56147.0,33385.0,29045.0,806
2019,9,L Line,Gold Line,Train,54030.0,33474.0,28902.0,806
2019,10,L Line,Gold Line,Train,53242.0,33743.0,28664.0,806
2019,11,L Line,Gold Line,Train,51833.0,33694.0,28768.0,806
2019,12,L Line,Gold Line,Train,52995.0,32888.0,28721.0,806
2020,1,L Line,Gold Line,Train,55117.0,33544.0,29873.0,806
2020,2,L Line,Gold Line,Train,57659.0,35859.0,31611.0,806
2020,3,L Line,Gold Line,Train,32030.0,17505.0,25548.0,806
2020,4,L Line,Gold Line,Train,12848.0,10179.0,10049.0,806
2020,5,L Line,Gold Line,Train,15261.0,12140.0,11330.0,806
2020,6,L Line,Gold Line,Train,18357.0,15827.0,15699.0,806
2020,7,L Line,Gold Line,Train,18132.0,15318.0,13346.0,806
2020,8,L Line,Gold Line,Train,18553.0,16409.0,13766.0,806
2020,9,L Line,Gold Line,Train,18667.0,16830.0,14803.0,806
2020,10,L Line,Gold Line,Train,18983.0,16470.0,14171.0,806
2020,11,L Line,Gold Line,Train,18129.0,14778.0,12736.0,806
2020,12,L Line,Gold Line,Train,16333.0,13597.0,10778.0,806
2021,1,L Line,Gold Line,Train,15999.0,12491.0,11525.0,806
2021,2,L Line,Gold Line,Train,17641.0,15930.0,13543.0,806
2021,3,L Line,Gold Line,Train,18521.0,16881.0,13751.0,806
2021,4,L Line,Gold Line,Train,19397.0,16947.0,13974.0,806
2021,5,L Line,Gold Line,Train,21080.0,19128.0,14804.0,806
2021,6,L Line,Gold Line,Train,24803.0,21677.0,17939.0,806
2021,7,L Line,Gold Line,Train,24903.0,22676.0,17962.0,806
2021,8,L Line,Gold Line,Train,26264.0,18094.0,14532.0,806
2021,9,L Line,Gold Line,Train,29153.0,24191.0,17753.0,806
2021,10,L Line,Gold Line,Train,29788.0,23055.0,17872.0,806
2021,11,L Line,Gold Line,Train,29861.0,24164.0,17982.0,806
2021,12,L Line,Gold Line,Train,24794.0,,14542.0,806
2022,1,L Line,Gold Line,Train,26165.0,19060.0,16448.0,806
2022,2,L Line,Gold Line,Train,32308.0,25745.0,22175.0,806
2022,3,L Line,Gold Line,Train,33490.0,24150.0,20526.0,806
2022,4,L Line,Gold Line,Train,31537.0,24339.0,20247.0,806
2022,5,L Line,Gold Line,Train,32056.0,24806.0,21034.0,806
2022,6,L Line,Gold Line,Train,32249.0,24419.0,22295.0,806
2022,7,L Line,Gold Line,Train,31874.0,24943.0,22718.0,806
2022,8,L Line,Gold Line,Train,34213.0,25869.0,23019.0,806
2022,9,L Line,Gold Line,Train,36705.0,28040.0,23034.0,806
2022,10,L Line,Gold Line,Train,37789.0,29085.0,24396.0,806
2022,11,L Line,Gold Line,Train,36481.0,32029.0,22137.0,806
2022,12,L Line,Gold Line,Train,32280.0,23179.0,18893.0,806
2023,1,L Line,Gold Line,Train,32564.0,22718.0,19428.0,806
2023,2,L Line,Gold Line,Train,36360.0,23066.0,22992.0,806
2023,3,L Line,Gold Line,Train,35142.0,26064.0,21513.0,806
2023,4,L Line,Gold Line,Train,33176.0,29180.0,21159.0,806
2023,5,L Line,Gold Line,Train,34304.0,26185.0,21355.0,806
2023,6,L Line,Gold Line,Train,33621.0,23574.0,21022.0,806
